,stocks,cash,bonds_est,bonds_est_avg,infl,cpi_m,gold_avg,bonds,gold,infl_rt
1970-01-31,-0.075,0.006,0.015447498137951127,-0.0032873630969022074,4.700052164840907,0.0053050397877987265,,0.015447498137951127,,
1970-02-28,0.05759999999999999,0.0062,0.06486183671172775,0.04421496834504848,4.741110417966343,0.005277044854881119,,0.06486183671172775,,
1970-03-31,-0.004900000000000001,0.005699999999999999,-0.00709922665995111,0.017983749705861987,4.641415709407015,0.005249343832020914,,-0.00709922665995111,,
1970-04-30,-0.1049,0.005,-0.04649607249870558,-0.016776330973362584,4.6546391752577465,0.005221932114882755,,-0.04649607249870558,,
1970-05-31,-0.0637,0.0053,-0.002387864811016738,-0.030150323475646796,4.6051956052982845,0.002597402597402265,,-0.002387864811016738,,
1970-06-30,-0.052199999999999996,0.0058,0.025012622794816544,0.011367291008687042,4.620107444359145,0.005181347150259086,,0.025012622794816544,,
1970-07-31,0.0744,0.0052,0.027077380986346634,0.03253884097781712,4.532491342432299,0.0025773195876286348,,0.027077380986346634,,
1970-08-31,0.0503,0.0053,-0.0015341242973612602,0.0013442764722258619,4.601086790919684,0.0025706940874037354,,-0.0015341242973612602,,
1970-09-30,0.0472,0.0054,0.020144092335768218,0.01598929521575465,4.618108244815411,0.00512820512820511,,0.020144092335768218,,
1970-10-31,-0.0181,0.0046,0.003269454644101968,0.010347793734369419,4.683958700579205,0.005102040816326481,,0.003269454644101968,,
1970-11-30,0.0508,0.0046,0.06491897227868244,0.04041453938478697,4.821634639506311,0.005076142131979822,,0.06491897227868244,,
1970-12-31,0.0616,0.0042,0.0046810334537020016,0.037910629491920644,4.95876030992255,0.005050505050504972,,0.0046810334537020016,,
1971-01-31,0.0521,0.0038,0.03522232626788186,0.016284569174048018,5.027153604703272,0.002512562814070529,,0.03522232626788186,,
1971-02-28,0.0174,0.0033,0.0013710585653093957,0.014763936406839102,5.022831050228316,0.0,,0.0013710585653093957,,
1971-03-31,0.0442,0.003,0.05020068372197083,0.035435978984478964,4.969589081738612,0.0025062656641603454,,0.05020068372197083,,
1971-04-30,0.0343,0.0028000000000000004,-0.03720796944645205,-0.005055843383669131,4.945082007585078,0.0024999999999999467,,-0.03720796944645205,,
1971-05-31,-0.037000000000000005,0.0029,-0.01716723897121843,-0.037127858055608545,5.030674846625738,0.004987531172069737,,-0.01716723897121843,,
1971-06-30,0.0028000000000000004,0.0037,-0.01807446900417103,-0.004173293284174951,5.071400625978106,0.00496277915632759,,-0.01807446900417103,,
1971-07-31,-0.040900000000000006,0.004,-0.005222105601470355,-0.00981902617323353,5.07161648640746,0.0024691358024695464,,-0.005222105601470355,,
1971-08-31,0.0426,0.004699999999999999,0.04648994758046798,0.016399026091105398,4.85507598193915,0.0024630541871921707,,0.04648994758046798,,
1971-09-30,-0.0049,0.0037,0.025794738262150396,0.03735318305920169,4.593144128027826,0.0024570024570020887,,0.025794738262150396,,
1971-10-31,-0.040499999999999994,0.0037,0.014670358659296053,0.02063739384964023,4.24344479191725,0.002450980392156632,,0.014670358659296053,,
1971-11-30,-0.0008999999999999998,0.0037,0.0004014835125602115,0.013897105621337523,3.944093432892948,0.0024449877750614135,,0.0004014835125602115,,
1971-12-31,0.0908,0.0037,0.00792681298489032,-0.004163728692722575,3.7481544982616244,0.0024390243902439046,,0.00792681298489032,,
1972-01-31,0.027600000000000003,0.0029,-0.010045076525227691,0.0034490935075548136,3.7808349146109865,0.0024330900243307862,,-0.010045076525227691,,
1972-02-29,0.0312,0.0025,0.008778941434690553,-0.004734415046523121,3.6672967863893957,0.004854368932038833,,0.008778941434690553,,
1972-03-31,0.0089,0.0027,-0.0009066675309815581,0.005807796854596141,3.537780290182746,0.0,,-0.0009066675309815581,,
1972-04-30,0.0058,0.0029,0.003620472058710918,-0.0038393345108334908,3.3932510442577835,0.0024154589371978563,,0.003620472058710918,,
1972-05-31,0.0159,0.003,0.011768406887941042,0.00958262511874425,3.182242990654216,0.002409638554217164,,0.011768406887941042,,
1972-06-30,-0.021400000000000002,0.0029,-0.0023799061354724278,0.006587179320297262,2.9834768443099957,0.0024038461538462563,,-0.0023799061354724278,,
1972-07-31,-0.0049,0.0031,0.007341225191309496,0.005091666666666667,2.8840357954282414,0.0023980815347717233,,0.007341225191309496,,
1972-08-31,0.0356,0.0029,-0.017092919119337056,-0.002309385118165609,2.9587442700375055,0.0023923444976079455,,-0.017092919119337056,,
1972-09-30,-0.007999999999999998,0.0034000000000000002,-0.0034056099676418013,-0.019872917575305175,3.12947811214348,0.004773269689737347,,-0.0034056099676418013,,
1972-10-31,0.0092,0.004,0.014883310292020906,0.010535487916233424,3.0276457285272507,0.002375296912114244,,0.014883310292020906,,
1972-11-30,0.0497,0.0037,0.014831257585881337,0.01995265351559901,3.0668631423834913,0.004739336492891155,,0.014831257585881337,,
1972-12-31,0.009899999999999999,0.0037,-0.004313033240760235,-0.0006413537891857687,3.052699228791811,0.002358490566037874,,-0.004313033240760235,,
1973-01-31,-0.0283,0.0044,-0.0041479242525480015,-0.0020164375704678286,2.6786122411665447,0.004705882352941115,,-0.0041479242525480015,,
1973-02-28,-0.04429999999999999,0.0042,-0.0018063925323238044,-0.007726047593757628,2.7261123267687815,0.007025761124121788,,-0.0018063925323238044,,
1973-03-31,-0.008400000000000001,0.0046,-0.0009676789671928081,0.00047699043292415665,2.9391692069703046,0.009302325581395321,,-0.0009676789671928081,,
1973-04-30,-0.05159999999999999,0.0052,0.007766471884887706,0.008471805398541365,3.295506128007264,0.00691244239631339,,0.007766471884887706,,
1973-05-31,-0.0246,0.0051,-0.0109850063666991,-0.007425924456862599,3.455459444771525,0.004576659038901587,,-0.0109850063666991,,
1973-06-30,-0.010600000000000002,0.0051,0.0050621240687432414,0.0021309987502512325,3.6924884750971776,0.006833712984054552,,0.0050621240687432414,,
1973-07-31,0.0568,0.0064,-0.0291317652429514,-0.01066845628771532,3.839740411915793,0.0,,-0.0291317652429514,,
1973-08-31,-0.0312,0.006999999999999999,0.01873752382173158,-0.013132720120301915,4.101457096600081,0.018099547511312153,,0.01873752382173158,,
1973-09-30,0.054200000000000005,0.0068000000000000005,0.030634395042613678,0.027802504548708598,4.280591662931421,0.004444444444444917,,0.030634395042613678,,
1973-10-31,-0.0017999999999999995,0.006500000000000001,0.019313072585504073,0.027140393975728018,4.623034538368476,0.008849557522123908,,0.019313072585504073,,
1973-11-30,-0.1222,0.005600000000000001,0.007031736032603965,0.009962849035959963,4.852113305334638,0.0065789473684207955,,0.007031736032603965,,
1973-12-31,0.0123,0.0064,-0.009559505297179253,0.004888953816148509,5.118268074301735,0.008714596949890963,,-0.009559505297179253,,
1974-01-31,0.0047,0.0063,-0.0013884592555284169,-0.012359639926615314,5.569158171214861,0.010799136069114867,,-0.0013884592555284169,,
1974-02-28,0.0011999999999999997,0.0058,0.005122713168235799,0.007957825314481328,5.906629981361511,0.010683760683760424,,0.005122713168235799,,
1974-03-31,-0.0226,0.005600000000000001,-0.02257028427509171,-0.01199769703667428,6.302762430939213,0.010570824524312794,,-0.02257028427509171,,
1974-04-30,-0.0453,0.0075,-0.011265432909974376,-0.015109140501420388,6.481806995957107,0.00627615062761544,,-0.011265432909974376,,
1974-05-31,-0.0395,0.0075,0.016041387366022414,0.001396837924498697,7.0915776571528255,0.01039501039501034,,0.016041387366022414,,
1974-06-30,-0.022399999999999996,0.006,-0.002063597539849269,0.0090859828426085,7.723488645774301,0.00823045267489686,,-0.002063597539849269,,
1974-07-31,-0.0736,0.006999999999999999,-0.010895253005059193,-0.012443002164890735,8.215789245258499,0.00612244897959191,,-0.010895253005059193,,
1974-08-31,-0.0879,0.006,-0.008447430233389678,-0.009252842379701108,8.752376015206531,0.012170385395537497,,-0.008447430233389678,,
1974-09-30,-0.1098,0.008100000000000001,0.018254054516889176,0.0066999999999999985,9.176875134321927,0.014028056112224574,,0.018254054516889176,,
1974-10-31,0.1662,0.0051,0.016836541861838198,0.01619640283936474,9.608220937700708,0.007905138339920903,,0.016836541861838198,,
1974-11-30,-0.0399,0.0054,0.016779839851679915,0.02159909878855157,9.877279700017061,0.009803921568627416,,0.016779839851679915,,
1974-12-31,-0.0274,0.006999999999999999,0.022938109551523377,0.023631150821955608,10.043224002034057,0.007766990291262044,,0.022938109551523377,,
1975-01-31,0.1425,0.0058,-0.0029064266387057083,0.0013127222174746994,10.14168845407779,0.007707129094412402,-0.04347826086956519,-0.0029064266387057083,-0.04347826086956519,
1975-02-28,0.059899999999999995,0.0043,0.011132147607877325,0.01389291231649488,10.219987429289734,0.005736137667303964,0.022727272727272707,0.011132147607877325,0.022727272727272707,
1975-03-31,0.0307,0.0040999999999999995,-0.03206639914679649,-0.017581942272538342,9.937216747744394,0.0038022813688214363,-0.011111111111111072,-0.03206639914679649,-0.011111111111111072,
1975-04-30,0.046599999999999996,0.0044,-0.01370146688960025,-0.027943941666589724,9.652923940406888,0.0037878787878788955,-0.0449438202247191,-0.01370146688960025,-0.0449438202247191,
1975-05-31,0.056400000000000006,0.0044,0.02502267811675663,0.01829336336604804,9.070470896010473,0.0018867924528302993,-0.01764705882352946,0.02502267811675663,-0.01764705882352946,
1975-06-30,0.0528,0.0040999999999999995,0.012126515908208355,0.020270961884948504,8.48877200080922,0.007532956685498915,-0.017964071856287456,0.012126515908208355,-0.017964071856287456,
1975-07-31,-0.061200000000000004,0.0048,-0.009703978323779519,-0.007124955445671889,8.197641774284104,0.009345794392523477,0.0060975609756097615,-0.009703978323779519,0.0060975609756097615,
1975-08-31,-0.0236,0.0048,0.005486255927016735,-0.016325635204412436,7.53555255422258,0.0037037037037035425,-0.012121212121212088,0.005486255927016735,-0.012121212121212088,
1975-09-30,-0.0373,0.0053,-0.010646576667096223,0.004997082503068785,7.15748031496064,0.007380073800737907,-0.1165644171779141,-0.010646576667096223,-0.1165644171779141,
1975-10-31,0.058800000000000005,0.005600000000000001,0.04498882001012189,0.026361065891520385,6.85573655220908,0.005494505494505253,-0.00694444444444442,0.04498882001012189,-0.00694444444444442,
1975-11-30,0.0306,0.0040999999999999995,-0.009099670457114406,0.012861246928598089,6.782750329636222,0.007285974499089631,-0.006993006993006978,-0.009099670457114406,-0.006993006993006978,
1975-12-31,-0.011200000000000002,0.0048,0.03244563518000679,0.010098405963110672,6.67744916820705,0.00542495479204308,-0.021126760563380254,0.03244563518000679,-0.021126760563380254,
1976-01-31,0.1262,0.004699999999999999,0.0037194895473401106,0.024334090915124708,6.60438761055171,0.003597122302158251,-0.05755395683453235,0.0037194895473401106,-0.05755395683453235,
1976-02-29,0.006500000000000001,0.0034000000000000002,0.008556719780138868,0.0030129699901510847,6.2766119221411065,0.0017921146953405742,0.0,0.008556719780138868,0.0,
1976-03-31,0.0272,0.004,0.01402637594272401,0.010606935940671889,6.0739003819825665,0.0017889087656535185,0.01526717557251911,0.01402637594272401,0.01526717557251911,
1976-04-30,-0.010700000000000001,0.0042,0.005693472330998386,0.018132773499973914,5.972901768912298,0.0017857142857142794,-0.03759398496240607,0.005693472330998386,-0.03759398496240607,
1976-05-31,-0.0097,0.0037,-0.013605382391628958,-0.017260235464280686,6.022561181276465,0.0053475935828875,-0.0078125,-0.013605382391628958,-0.0078125,
1976-06-30,0.044899999999999995,0.0043,0.01344054652379707,0.009313472507009351,5.937418416439799,0.005319148936170359,-0.007874015748031482,0.01344054652379707,-0.007874015748031482,
1976-07-31,-0.005900000000000001,0.004699999999999999,0.00655,0.00860124331685084,5.867744087775195,0.005291005291005124,-0.06349206349206349,0.00655,-0.06349206349206349,
1976-08-31,-0.0014999999999999996,0.0042,0.02022495544567189,0.010632957669383998,6.113553248864112,0.0052631578947368585,-0.06779661016949157,0.02022495544567189,-0.06779661016949157,
1976-09-30,0.025,0.0044,0.01397180435901757,0.018831796997184833,6.157689764126673,0.005235602094240788,0.036363636363636376,0.01397180435901757,0.036363636363636376,
1976-10-31,-0.0201,0.0040999999999999995,0.015304019871957071,0.018781356809137242,6.149009285662066,0.005208333333333481,0.01754385964912286,0.015304019871957071,0.01754385964912286,
1976-11-30,0.0076,0.004,0.034772821376748,0.014546407796787642,5.930633738877811,0.003454231433506205,0.1206896551724137,0.034772821376748,0.1206896551724137,
1976-12-31,0.0605,0.004,0.020047642137545854,0.03553322623692958,5.862392607031963,0.0051635111876071615,0.03076923076923066,0.020047642137545854,0.03076923076923066,
1977-01-31,-0.0367,0.0036,-0.03661428973156478,-0.018578807547966845,5.965378537566424,0.005136986301370161,-0.014925373134328401,-0.03661428973156478,-0.014925373134328401,
1977-02-28,-0.0159,0.0034999999999999996,0.002677015395369682,-0.006662150967518861,6.1920944374888265,0.010221465076660996,0.030303030303030276,0.002677015395369682,0.030303030303030276,
1977-03-31,-0.009700000000000002,0.0038,0.008297436259799715,0.0012706295321244362,6.293008164866087,0.005059021922428242,0.08823529411764697,0.008297436259799715,0.08823529411764697,
1977-04-30,0.0053,0.0038,0.004091419574059129,0.012481168345233346,6.399829527293388,0.006711409395972812,0.006756756756756799,0.004091419574059129,0.006756756756756799,
1977-05-31,-0.011,0.0037,0.011082906828421588,-0.00014816618475795105,6.440438317426644,0.0033333333333340764,-0.01342281879194629,0.011082906828421588,-0.01342281879194629,
1977-06-30,0.051199999999999996,0.004,0.018724021577500173,0.018745670023800023,6.643196620313319,0.004983388704318692,-0.04081632653061229,0.018724021577500173,-0.04081632653061229,
1977-07-31,-0.0127,0.0042,-0.00949312435587276,0.002558157744122988,6.715451139665984,0.0049586776859502635,0.014184397163120588,-0.00949312435587276,0.014184397163120588,
1977-08-31,-0.0132,0.0044,0.01594559754327978,0.0012074467545542004,6.6246605862285035,0.004934210526315708,0.013986013986013957,0.01594559754327978,0.013986013986013957,
1977-09-30,0.0015999999999999999,0.0043,-0.0030554565319468605,0.010354248192223282,6.451166332110492,0.003273322422258529,0.034482758620689724,-0.0030554565319468605,0.034482758620689724,
1977-10-31,-0.03899999999999999,0.0049,-0.008474963644378494,-0.006479953948059121,6.443725030996017,0.004893964110930238,0.06000000000000005,-0.008474963644378494,0.06000000000000005,
1977-11-30,0.045,0.005,0.011187653714490368,0.0021015345634086023,6.510559517279213,0.006493506493506329,0.018867924528301883,0.011187653714490368,0.018867924528301883,
1977-12-31,0.0076,0.0049,-0.009653265927308786,-0.0012989528171731806,6.482302393780293,0.004838709677418951,-0.012345679012345734,-0.009653265927308786,-0.012345679012345734,
1978-01-31,-0.055099999999999996,0.0049,-0.004495600527259634,-0.012193015708388464,6.47008981528554,0.006420545746388839,0.08125000000000004,-0.004495600527259634,0.08125000000000004,
1978-02-28,-0.0093,0.0046,-0.00019658346344759384,0.0018682841000087751,6.228525230748505,0.004784688995215225,0.028901734104046284,-0.00019658346344759384,0.028901734104046284,
1978-03-31,0.033800000000000004,0.0053,-0.0007614593737867862,0.006013052017883591,6.353146384006414,0.0063492063492058826,0.03370786516853941,-0.0007614593737867862,0.03370786516853941,
1978-04-30,0.08410000000000001,0.0054,0.000716435020398855,-0.0007614593737867862,6.5155712807503985,0.007886435331230235,-0.048913043478260865,0.000716435020398855,-0.048913043478260865,
1978-05-31,0.0227,0.0051,-0.005235679938986217,-0.006708848102817309,6.598698193411279,0.009389671361502705,0.005714285714285783,-0.005235679938986217,0.005714285714285783,
1978-06-30,-0.011499999999999998,0.0054,-0.006324402504602243,-0.0004018414444280482,6.55618645186844,0.007751937984496138,0.045454545454545414,-0.006324402504602243,0.045454545454545414,
1978-07-31,0.0568,0.005600000000000001,0.011150763647088568,-0.004935918207859933,6.525804652383638,0.007692307692308331,0.02717391304347827,0.011150763647088568,0.02717391304347827,
1978-08-31,0.0434,0.005600000000000001,0.018403907033798263,0.022395204186573623,6.572202814326289,0.0061068702290068,0.08994708994709,0.018403907033798263,0.08994708994709,
1978-09-30,-0.008199999999999999,0.0062,-0.004363182557027041,0.006340987117209781,6.736458807464718,0.009104704097117056,0.029126213592232997,-0.004363182557027041,0.029126213592232997,
1978-10-31,-0.11220000000000001,0.0068000000000000005,-0.019385663608937,-0.007658509421729171,7.001650111625168,0.009022556390977599,0.070754716981132,-0.019385663608937,0.070754716981132,
1978-11-30,0.0341,0.006999999999999999,0.01398192109350192,-0.004031237877032739,7.023529790452865,0.005961251862891315,-0.09251101321585908,0.01398192109350192,-0.09251101321585908,
1978-12-31,0.0165,0.0078000000000000005,-0.011593103146942122,-0.005774014017760819,6.888269766548172,0.00592592592592589,0.009708737864077666,-0.011593103146942122,0.009708737864077666,
1979-01-31,0.04989999999999999,0.0077,0.020548810592885765,0.001657297199913573,6.79633284522827,0.008836524300442017,0.09134615384615374,0.020548810592885765,0.09134615384615374,
1979-02-28,-0.0283,0.0073,-0.006881443916818848,0.007583333333333333,6.735373394640876,0.010218978102189968,0.08370044052863435,-0.006881443916818848,0.08370044052863435,
1979-03-31,0.0648,0.008100000000000001,0.011515463341504035,0.006288157179427489,6.768434996530659,0.010115606936415666,-0.016260162601625994,0.011515463341504035,-0.016260162601625994,
1979-04-30,0.0073,0.008,-0.007943730241693616,0.003717828917751671,7.0633950675315305,0.010014306151645336,-0.012396694214875992,-0.007943730241693616,-0.012396694214875992,
1979-05-31,-0.013800000000000003,0.008199999999999999,0.02637038408295636,0.0031325207741512385,7.3616000498457845,0.011331444759207665,0.07949790794979084,0.02637038408295636,0.07949790794979084,
1979-06-30,0.0465,0.008100000000000001,0.023767734646939292,0.02958423922364441,7.36414895594526,0.011204481792717047,0.08139534883720922,0.023767734646939292,0.08139534883720922,
1979-07-31,0.016,0.0077,-0.005774014017760819,0.004813238583213995,7.271775286435855,0.01108033240997175,0.057347670250896154,-0.005774014017760819,0.057347670250896154,
1979-08-31,0.0631,0.0077,-0.007444314563183843,0.0022438688787325897,7.4076343361313635,0.009589041095890982,0.02033898305084736,-0.007444314563183843,0.02033898305084736,
1979-09-30,0.0,0.0083,-0.005173726786781889,-0.01196156845157121,7.520560462991166,0.009497964721845387,0.1794019933554818,-0.005173726786781889,0.1794019933554818,
1979-10-31,-0.0723,0.0087,-0.07381953615939736,-0.054421081015550994,7.51716004959031,0.010752688172042557,0.10422535211267614,-0.07381953615939736,0.10422535211267614,
1979-11-30,0.062099999999999995,0.009899999999999999,0.0294870605104536,-0.012950805484517268,7.62428945231437,0.010638297872340496,0.0,0.0294870605104536,0.0,
1979-12-31,0.027299999999999998,0.0095,0.011715966156488762,0.024638578198828275,7.97830906585173,0.011842105263158098,0.1607142857142858,0.011715966156488762,0.1607142857142858,
1980-01-31,0.063,0.008,-0.04055042005331573,-0.01647202167340767,8.244657068765093,0.014304291287385862,0.4835164835164836,-0.04055042005331573,0.4835164835164836,
1980-02-29,-0.0034000000000000002,0.0089,-0.08522029135227528,-0.08800379527544136,8.96639828871919,0.012820512820512775,-0.014814814814814836,-0.08522029135227528,-0.014814814814814836,
1980-03-31,-0.1169,0.0121,0.015056840584953306,-0.008836803867905625,9.34952144629564,0.013924050632911689,-0.1669172932330827,0.015056840584953306,-0.1669172932330827,
1980-04-30,0.0521,0.0126,0.11560472723760619,0.08184904458719708,8.90384896824239,0.009987515605493158,-0.06678700361010825,0.11560472723760619,-0.06678700361010825,
1980-05-31,0.060700000000000004,0.008100000000000001,0.039745852052407285,0.08515752719765801,8.835819163136227,0.009888751545117147,-0.005802707930367523,0.039745852052407285,-0.005802707930367523,
1980-06-30,0.0359,0.0060999999999999995,0.018406609173536943,0.033218645503836686,8.948203722406545,0.00979192166462628,0.16926070038910512,0.018406609173536943,0.16926070038910512,
1980-07-31,0.07039999999999999,0.0053,-0.033181236495075817,-0.021411281937390586,9.164776479370618,0.001212121212121886,0.06988352745424287,-0.033181236495075817,0.06988352745424287,
1980-08-31,0.0239,0.0064,-0.03871089500928444,-0.043865840401082046,9.22989161437533,0.007263922518159438,-0.02488335925349927,-0.03871089500928444,-0.02488335925349927,
1980-09-30,0.0294,0.0075,-0.00848272022614593,-0.015146977691237103,9.513017365931042,0.00841346153846212,0.07496012759170645,-0.00848272022614593,0.07496012759170645,
1980-10-31,0.0199,0.0095,-0.024722825354087048,-0.0044502276350315405,9.612734482661644,0.009535160905840057,-0.01928783382789323,-0.024722825354087048,-0.01928783382789323,
1980-11-30,0.1056,0.0096,-0.0042531013665066605,-0.04408893513397977,9.775318578135472,0.01062573789846466,-0.0544629349470499,-0.0042531013665066605,-0.0544629349470499,
1980-12-31,-0.0315,0.0131,0.026756047120455914,0.0016387205793921243,9.647346078077735,0.00934579439252392,-0.1392,0.026756047120455914,-0.1392,
1981-01-31,-0.0402,0.0104,-0.0037321440369184906,0.025669976290793487,9.764560099132602,0.009259259259258856,0.03531598513011147,-0.0037321440369184906,0.03531598513011147,
1981-02-28,0.016800000000000002,0.010700000000000001,-0.03128308061743304,-0.024273507877373625,9.474602611991202,0.009174311926605894,-0.10233393177737882,-0.03128308061743304,-0.10233393177737882,
1981-03-31,0.048799999999999996,0.0121,0.027440857503739466,0.01481921202422955,9.071507685657942,0.00681818181818139,-0.0020000000000000018,0.027440857503739466,-0.0020000000000000018,
1981-04-30,-0.0108,0.0108,-0.04277136897014675,-0.019771989358805114,9.207944741580887,0.0056433408577880595,-0.006012024048096198,-0.04277136897014675,-0.006012024048096198,
1981-05-31,0.012799999999999999,0.0115,0.04393241182562579,-0.011126794956538996,9.080971551976912,0.006734006734006259,-0.032258064516129004,0.04393241182562579,-0.032258064516129004,
1981-06-30,-0.009899999999999996,0.013500000000000002,-0.008195438651876207,0.04499185253367344,8.901896387329188,0.008918617614270374,-0.039583333333333304,-0.008195438651876207,-0.039583333333333304,
1981-07-31,-0.0031000000000000003,0.0124,-0.03159018367637611,-0.03257885025703045,8.795139528155516,0.011049723756906049,-0.11279826464208242,-0.03159018367637611,-0.11279826464208242,
1981-08-31,-0.0574,0.0128,-0.025972641155990704,-0.022683045348939203,8.73720493001886,0.007650273224043325,0.0024449877750611915,-0.025972641155990704,0.0024449877750611915,
1981-09-30,-0.059500000000000004,0.0124,-0.008738922950027594,-0.0069638047406347155,8.427969061230822,0.009761388286334105,0.08292682926829276,-0.008738922950027594,0.08292682926829276,
1981-10-31,0.0613,0.0121,0.072955089484906,0.021327544526063107,8.184733803720313,0.003222341568206444,-0.013513513513513487,0.072955089484906,-0.013513513513513487,
1981-11-30,0.044700000000000004,0.010700000000000001,0.08973807627717002,0.10182711437082759,7.965480372689782,0.004282655246252265,-0.057077625570776225,0.08973807627717002,-0.057077625570776225,
1981-12-31,-0.0276,0.0087,-0.03564617036526336,-0.006743942206101519,7.718001923174245,0.0031982942430708317,-0.007263922518159771,-0.03564617036526336,-0.007263922518159771,
1982-01-31,-0.024300000000000002,0.008,0.003168197462775812,-0.03515636063760322,7.445874413587195,0.0031880977683316214,-0.06341463414634141,0.003168197462775812,-0.06341463414634141,
1982-02-28,-0.049400000000000006,0.0092,0.01757847457857233,0.020442648423148142,7.0781032078103046,0.003177966101694185,-0.02604166666666663,0.01757847457857233,-0.02604166666666663,
1982-03-31,-0.008400000000000001,0.0098,0.0037554107395763696,0.04171991221684554,6.952321981424148,0.0,-0.11764705882352944,0.0037554107395763696,-0.11764705882352944,
1982-04-30,0.0437,0.0113,0.02812314925706693,0.011017405139797884,6.694066399232157,0.0031678986272440923,0.06060606060606055,0.02812314925706693,0.06060606060606055,
1982-05-31,-0.028700000000000003,0.0106,0.020076530433620947,0.024868016302532825,6.540708332314948,0.0094736842105263,-0.04571428571428571,0.020076530433620947,-0.04571428571428571,
1982-06-30,-0.021200000000000004,0.0096,-0.027682791168105493,-0.025207745389276434,6.544738186151711,0.011470281543274119,-0.05688622754491013,-0.027682791168105493,-0.05688622754491013,
1982-07-31,-0.0215,0.0105,0.051611311056339704,0.030242001616139956,6.592529916596157,0.005154639175257492,0.07619047619047614,0.051611311056339704,0.07619047619047614,
1982-08-31,0.1199,0.0076,0.0580626466956882,0.05886010488344863,6.370971615196197,0.002051282051282577,0.07374631268436582,0.0580626466956882,0.07374631268436582,
1982-09-30,0.0182,0.0051,0.07062656655589973,0.05045560883032377,6.069426219730434,0.0,0.2005494505494505,0.07062656655589973,0.2005494505494505,
1982-10-31,0.1189,0.0059,0.06891811911734727,0.0911733694182798,6.109332384679256,0.004094165813715467,-0.034324942791762014,0.06891811911734727,-0.034324942791762014,
1982-11-30,0.053099999999999994,0.0063,0.004086809801225909,0.0306828942448319,5.882907736200549,-0.0010193679918448773,-0.016587677725118488,0.004086809801225909,-0.016587677725118488,
1982-12-31,0.012300000000000002,0.0067,0.034910310311808794,0.009400500523457343,5.828321744033094,-0.003061224489796066,0.07228915662650603,0.034910310311808794,0.07228915662650603,
1983-01-31,0.042800000000000005,0.0069,-0.018369871970440477,0.013656045222331391,5.902542669686461,0.0020470829068570673,0.08089887640449445,-0.018369871970440477,0.08089887640449445,
1983-02-28,0.0321,0.0062,0.04093292639502117,-0.007172866179846912,5.8868679350607245,0.0010214504596532947,0.02079002079002068,0.04093292639502117,0.02079002079002068,
1983-03-31,0.0344,0.0063,-0.013003041822427086,0.021628282472142938,5.5601871150016136,0.0010204081632652073,-0.14460285132382888,-0.013003041822427086,-0.14460285132382888,
1983-04-30,0.0737,0.0070999999999999995,0.030096837107777642,0.01546674217435175,5.462136415011654,0.007135575942915473,0.030952380952380842,0.030096837107777642,0.030952380952380842,
1983-05-31,0.012,0.0069,-0.024707788335554287,0.009892022484604156,5.042556608318605,0.004048582995951566,0.011547344110854452,-0.024707788335554287,0.011547344110854452,
1983-06-30,0.037399999999999996,0.0067,-2.5523092060844577e-05,-0.020170081870994318,5.00593498904307,0.002016129032257785,-0.057077625570776225,-2.5523092060844577e-05,-0.057077625570776225,
1983-07-31,-0.03319999999999999,0.0074,-0.03874761558558742,-0.022824842173553215,5.032658985757021,0.004024144869215096,-0.02421307506053272,-0.03874761558558742,-0.02421307506053272,
1983-08-31,0.0026,0.0076,-0.0029407485908331567,-0.0181626361800337,5.090868043797214,0.0030060120240478216,0.032258064516129004,-0.0029407485908331567,0.032258064516129004,
1983-09-30,0.0168,0.0076,0.040977276967554155,0.021415084236333405,5.12607121167814,0.0029970029970038947,-0.009615384615384581,0.040977276967554155,-0.009615384615384581,
1983-10-31,-0.026700000000000005,0.0076,-0.008069552147849055,0.01610739857252314,4.6489796830647245,0.003984063745019473,-0.043689320388349495,-0.008069552147849055,-0.043689320388349495,
1983-11-30,0.0287,0.006999999999999999,0.016158909478525062,0.0008512739848235626,4.507192802743498,0.0029761904761904656,-0.030456852791878153,0.016158909478525062,-0.030456852791878153,
1983-12-31,-0.0104,0.0073,-0.001370311322680633,0.0016107093814980433,4.253146573730837,0.0029673590504453173,0.015706806282722585,-0.001370311322680633,0.015706806282722585,
1984-01-31,-0.0116,0.0076,0.018515646914947375,0.019097924583583267,3.8891461075467815,0.006903353057198469,-0.04381443298969068,0.018515646914947375,-0.04381443298969068,
1984-02-29,-0.04059999999999999,0.0070999999999999995,-0.011781532519271389,-0.00015637980615177544,4.158154859967067,0.004897159647404559,0.040431266846361114,-0.011781532519271389,0.040431266846361114,
1984-03-31,0.0138,0.0073,-0.0180224048546136,-0.017840817765672805,4.420507645394123,0.0029239766081872176,0.020725388601036343,-0.0180224048546136,0.020725388601036343,
1984-04-30,0.003000000000000001,0.008100000000000001,-0.0058377636585707545,-0.007283074882527486,4.595262570809888,0.0038872691933917736,-0.032994923857868064,-0.0058377636585707545,-0.032994923857868064,
1984-05-31,-0.052000000000000005,0.0078000000000000005,-0.049799217150907786,-0.03308590597269545,4.6869198680848045,0.0019361084220714808,-0.01049868766404205,-0.049799217150907786,-0.01049868766404205,
1984-06-30,0.0256,0.0075,0.01531257555160609,0.003044007217514723,4.4455555314014905,0.0019323671497588624,0.0026525198938991412,0.01531257555160609,0.0026525198938991412,
1984-07-31,-0.019000000000000003,0.008199999999999999,0.06110329322932803,0.0220776033350494,4.1933881799140815,0.0038572806171650598,-0.07936507936507942,0.06110329322932803,-0.07936507936507942,
1984-08-31,0.111,0.0083,0.017393134383677986,0.045893953950169736,4.000000000000026,0.0028818443804035088,0.0,0.017393134383677986,0.0,
1984-09-30,0.0005999999999999998,0.0086,0.02843593762920752,0.021742101462383347,3.739997432496045,0.0028735632183904958,-0.02298850574712641,0.02843593762920752,-0.02298850574712641,
1984-10-31,0.0016000000000000007,0.01,0.048656194439075984,0.030650392617968023,3.788898143995212,0.003820439350525451,0.002941176470588225,0.048656194439075984,0.002941176470588225,
1984-11-30,-0.0104,0.0073,0.02197175072851782,0.04375094471138124,3.7673130193905724,0.001902949571835899,0.0029325513196480912,0.02197175072851782,0.0029325513196480912,
1984-12-31,0.0248,0.0064,0.011400207181481206,0.013727156804503239,4.100926221654411,0.0018993352326688306,-0.06432748538011701,0.011400207181481206,-0.06432748538011701,
1985-01-31,0.0862,0.006500000000000001,0.03182156027721127,0.0166071617677884,4.337768723074653,0.0018957345971561956,-0.05312499999999998,0.03182156027721127,-0.05312499999999998,
1985-02-28,0.018,0.0058,-0.03459792953872444,0.001836575808359552,4.222025391201645,0.005676442762535094,-0.01320132013201325,-0.03459792953872444,-0.01320132013201325,
1985-03-31,-0.0021000000000000003,0.0062,0.024890522212991192,-0.010886095856643243,4.19135257783938,0.004703668861712584,0.050167224080267525,0.024890522212991192,0.050167224080267525,
1985-04-30,-0.0023999999999999994,0.0072,0.023669930218838134,0.034684413725984575,3.826690644473252,0.001872659176029412,0.04140127388535042,0.023669930218838134,0.04140127388535042,
1985-05-31,0.057300000000000004,0.0066,0.07589434172434839,0.043571232843649124,3.943003776104126,0.0018691588785049174,-0.033639143730886834,0.07589434172434839,-0.033639143730886834,
1985-06-30,0.0182,0.0055000000000000005,0.010414005858988554,0.05052825364733021,4.041959788536009,0.002798507462686395,0.0031645569620253333,0.010414005858988554,0.0031645569620253333,
1985-07-31,-0.001,0.0062,-0.01118821834707406,-0.0008169146215892039,3.8982032205251205,0.0018604651162792418,0.0,-0.01118821834707406,0.0,
1985-08-31,-0.004599999999999999,0.0055000000000000005,0.02644973179527027,0.007361662573622892,4.065107824506309,0.0018570102135559985,0.04100946372239744,0.02644973179527027,0.04100946372239744,
1985-09-30,-0.0391,0.006,0.006719327474344605,0.006150395664000983,4.12077713154313,0.001853568118628246,-0.021212121212121238,0.006719327474344605,-0.021212121212121238,
1985-10-31,0.0465,0.006500000000000001,0.027041728062324157,0.01661653147473046,4.0539150118324985,0.0037002775208145877,0.009287925696594534,0.027041728062324157,0.009287925696594534,
1985-11-30,0.0707,0.0060999999999999995,0.0345012168799441,0.036907005680180516,4.088463591933977,0.004608294930875223,-0.012269938650306789,0.0345012168799441,-0.012269938650306789,
1985-12-31,0.0453,0.006500000000000001,0.04540270047532384,0.04085609916477257,3.959829007383764,0.004587155963303058,0.0,0.04540270047532384,0.0,
1986-01-31,0.012100000000000001,0.005600000000000001,0.0022968254194184667,0.0122185895036169,3.9377606020542855,0.0036529680365300354,0.07763975155279512,0.0022968254194184667,0.07763975155279512,
1986-02-28,0.07669999999999999,0.0053,0.06914076155960745,0.0392670451683986,3.6685552407932143,-0.0018198362147406888,-0.023054755043227626,0.06914076155960745,-0.023054755043227626,
1986-03-31,0.0551,0.006,0.056771022321253736,0.06787188831030383,3.6214788377392226,-0.005469462169554129,0.020648967551622377,0.056771022321253736,0.020648967551622377,
1986-04-30,-0.007600000000000001,0.0052,0.006856576733505949,0.03942013491511252,3.6856521388866748,-0.003666361136571483,-0.017341040462427793,0.006856576733505949,-0.017341040462427793,
1986-05-31,0.0511,0.0049,-0.040653302538472956,-0.022660581903436918,3.5064127009614365,0.002759889604415644,0.00588235294117645,-0.040653302538472956,0.00588235294117645,
1986-06-30,0.0158,0.0052,0.05416935015021608,0.00023007406294677565,3.4748339601504474,0.003669724770642313,0.0029239766081872176,0.05416935015021608,0.0029239766081872176,
1986-07-31,-0.0591,0.0052,0.006824498067691729,0.04077866300231353,3.3609925399928464,0.0009140767824500351,0.014577259475218707,0.006824498067691729,0.014577259475218707,
1986-08-31,0.0653,0.0046,0.03340934466523918,0.015197257676699464,3.0666931321952973,0.0009132420091326754,0.08333333333333326,0.03340934466523918,0.08333333333333326,
1986-09-30,-0.0814,0.0045000000000000005,-0.029819850781519407,-0.013770196429658287,3.1930908802789038,0.0036496350364965124,0.10875331564986745,-0.029819850781519407,0.10875331564986745,
1986-10-31,0.051,0.0046,0.013868377397043557,0.007601068617644318,3.3778305151785037,0.0018181818181817189,0.014354066985645897,0.013868377397043557,0.014354066985645897,
1986-11-30,0.0156,0.0039000000000000003,0.019413099537766033,0.01873752382173158,3.3439207717650854,0.001814882032667997,-0.061320754716981174,0.019413099537766033,-0.061320754716981174,
1986-12-31,-0.027699999999999995,0.0049,0.0003117593029695479,0.01587875801704549,3.197119641135626,0.0036231884057966735,-0.017587939698492483,0.0003117593029695479,-0.017587939698492483,
1987-01-31,0.1287,0.0042,0.009541410832569389,0.00804628990924643,2.8903543961957823,0.005415162454873723,0.04347826086956519,0.009541410832569389,0.04347826086956519,
1987-02-28,0.0481,0.0043,0.005278465512095392,-0.006136935574026905,2.83411082700602,0.0035906642728902316,-0.01715686274509809,0.005278465512095392,-0.01715686274509809,
1987-03-31,0.020999999999999998,0.004699999999999999,-0.016553941892022937,0.0060416666666666665,2.8255074043082917,0.003577817531306371,0.01995012468827939,-0.016553941892022937,0.01995012468827939,
1987-04-30,-0.016499999999999997,0.0044,-0.04235662075501265,-0.048062335760416915,3.0748611165066997,0.004456327985739472,0.07090464547677255,-0.04235662075501265,0.07090464547677255,
1987-05-31,0.0049,0.0038,-0.012009106037078724,-0.03337265207283256,3.187899941826622,0.0026619343389531203,0.05022831050228316,-0.012009106037078724,0.05022831050228316,
1987-06-30,0.0439,0.0048,0.014390104695325295,0.021067074050935664,3.1609473175446823,0.004424778761061843,-0.021739130434782594,0.014390104695325295,-0.021739130434782594,
1987-07-31,0.043,0.0046,-0.011726984619513312,0.0036618041717813394,3.2401242787394313,0.0026431718061670217,0.0022222222222221255,-0.011726984619513312,0.0022222222222221255,
1987-08-31,0.039900000000000005,0.004699999999999999,-0.015226205365462868,-0.013609799753105806,3.3779489648531724,0.00439367311072103,0.022172949002217335,-0.015226205365462868,0.022172949002217335,
1987-09-30,-0.0213,0.0045000000000000005,-0.0334749998220792,-0.0360760473930347,3.4474815724816033,0.0034995625546805353,-0.002169197396963085,-0.0334749998220792,-0.002169197396963085,
1987-10-31,-0.22590000000000002,0.006,0.05550013602823488,0.0014627845650830446,3.5371989363533363,0.0026155187445509043,0.010869565217391353,0.05550013602823488,0.010869565217391353,
1987-11-30,-0.0741,0.0034999999999999996,0.00020829334445011255,0.049908554009389455,3.5335216860109764,0.003478260869565375,0.006451612903225712,0.00020829334445011255,0.006451612903225712,
1987-12-31,0.0721,0.0039000000000000003,0.017902525905411117,-0.0011233450888591756,3.616639975596736,0.0017331022530329143,0.03846153846153855,0.017902525905411117,0.03846153846153855,
1988-01-31,0.045,0.0029,0.044705520792634554,0.028313385144155562,3.857126554832835,0.0034602076124565784,-0.01851851851851849,0.044705520792634554,-0.01851851851851849,
1988-02-29,0.05229999999999999,0.0046,0.013600940335824766,0.037575637338215416,3.858783334915028,0.0017241379310350968,-0.07337526205450728,0.013600940335824766,-0.07337526205450728,
1988-03-31,-0.018199999999999997,0.0044,-0.020863845544318048,-0.003930203449759217,3.9950038795632636,0.002581755593803692,0.004524886877828038,-0.020863845544318048,0.004524886877828038,
1988-04-30,0.0103,0.0046,-0.012738884149737239,-0.016423170862055855,4.059172712710835,0.006008583690987113,0.018018018018018056,-0.012738884149737239,0.018018018018018056,
1988-05-31,0.0024000000000000002,0.0051,-0.014192828259908183,-0.017092625336425686,4.121095952192988,0.0025597269624568764,-0.0022123893805309214,-0.014192828259908183,-0.0022123893805309214,
1988-06-30,0.052700000000000004,0.0049,0.0321689720026571,0.018588758229803555,4.2747376311843555,0.0042553191489367315,0.0,0.0321689720026571,0.0,
1988-07-31,-0.0074,0.0051,-0.012314964951973068,-0.0017038647148602364,4.430072152229991,0.004237288135593209,-0.02882483370288247,-0.012314964951973068,-0.02882483370288247,
1988-08-31,-0.0272,0.0059,-0.0008113706782047272,-0.005424187717551506,4.336891521824193,0.00421940928270037,-0.01598173515981738,-0.0008113706782047272,-0.01598173515981738,
1988-09-30,0.039299999999999995,0.0062,0.03215787521073991,0.025724358014467416,4.4811845914050075,0.004201680672268893,-0.04176334106728541,0.03215787521073991,-0.04176334106728541,
1988-10-31,0.0177,0.0060999999999999995,0.021781329951049717,0.019200627114610725,4.432578249140828,0.0033472803347274205,-0.014527845036319653,0.021781329951049717,-0.014527845036319653,
1988-11-30,-0.017,0.005699999999999999,-0.01986694602961094,-0.003163777429692165,4.500783626809235,0.0033361134278571125,0.03194103194103204,-0.01986694602961094,0.03194103194103204,
1988-12-31,0.0211,0.0063,0.0023603249129793436,-0.0023062149735859844,4.627500045999033,0.0033250207813795285,-0.0023809523809523725,0.0023603249129793436,-0.0023809523809523725,
1989-01-31,0.06620000000000001,0.0055000000000000005,0.01602077246006736,0.008886283075696728,4.662491301322214,0.004142502071250664,-0.03579952267303099,0.01602077246006736,-0.03579952267303099,
1989-02-28,-0.0162,0.0060999999999999995,-0.012645235570668146,0.0023920549506806004,4.7132570634891735,0.0033003300330038954,-0.03960396039603964,-0.012645235570668146,-0.03960396039603964,
1989-03-31,0.022400000000000003,0.0067,0.009049611908426859,-0.004625356136984835,4.57854127238313,0.00493421052631593,0.005154639175257714,0.009049611908426859,0.005154639175257714,
1989-04-30,0.050199999999999995,0.0067,0.025726699320926256,0.019326660970104687,4.4223908437313275,0.0073649754500817455,-0.01538461538461533,0.025726699320926256,-0.01538461538461533,
1989-05-31,0.0407,0.0079,0.034809678386026915,0.028301333603879833,4.378508130741632,0.004874086108854758,-0.03385416666666663,0.034809678386026915,-0.03385416666666663,
1989-06-30,-0.0062000000000000015,0.0070999999999999995,0.04025749040838793,0.04533620629388424,4.216315307057794,0.0032336297493931188,-0.008086253369272267,0.04025749040838793,-0.008086253369272267,
1989-07-31,0.07880000000000001,0.006999999999999999,0.025692494841199395,0.02435040929658208,4.059568984033812,0.003223207091055613,0.01902173913043481,0.025692494841199395,0.01902173913043481,
1989-08-31,0.0217,0.0074,-0.023621747565492568,0.0005730982713758387,3.945935329512351,0.0,-0.026666666666666616,-0.023621747565492568,-0.026666666666666616,
1989-09-30,-0.0010999999999999994,0.006500000000000001,0.0035245298320874764,0.001348582188130499,3.750865789333502,0.002409638554217386,-0.008219178082191747,0.0035245298320874764,-0.008219178082191747,
1989-10-31,-0.029699999999999997,0.0068000000000000005,0.0330660906130928,0.018954042946079833,3.7331257408751206,0.004807692307692291,0.013812154696132506,0.0330660906130928,0.013812154696132506,
1989-11-30,0.0173,0.0069,0.012055436032361552,0.01618401788181343,3.7246806408356425,0.003987240829345762,0.07356948228882842,0.012055436032361552,0.07356948228882842,
1989-12-31,0.0179,0.0060999999999999995,0.00037413415437665635,0.008608666014795424,3.67543612830612,0.003177124702144596,0.038071065989847774,0.00037413415437665635,0.038071065989847774,
1990-01-31,-0.0723,0.005699999999999999,-0.027473024607432804,-0.01878781884682201,3.5501819708845916,0.009501187648456533,0.0024449877750611915,-0.027473024607432804,0.0024449877750611915,
1990-02-28,0.016900000000000002,0.005699999999999999,0.0016909128575116504,-0.010662622272525537,3.7890290940189475,0.0039215686274503,0.017073170731707332,0.0016909128575116504,0.017073170731707332,
1990-03-31,0.0247,0.0064,-0.0022103148845579092,-0.000928777204759426,3.977865942785508,0.0046874999999997335,-0.05755395683453235,-0.0022103148845579092,-0.05755395683453235,
1990-04-30,-0.026699999999999998,0.0069,-0.01854620069483313,-0.006083782726711034,3.9385373129151358,0.002332814930016358,-0.04834605597964381,-0.01854620069483313,-0.04834605597964381,
1990-05-31,0.0911,0.0068000000000000005,0.03610126322279514,0.009294064991847506,3.945844068265525,0.0015515903801390785,-0.013368983957219305,0.03610126322279514,-0.013368983957219305,
1990-06-30,-0.0046,0.0063,0.01841754673885187,0.025701959500075287,4.073326780140407,0.006196746707978429,-0.046070460704607075,0.01841754673885187,-0.046070460704607075,
1990-07-31,-0.012199999999999999,0.0068000000000000005,0.011692326249677375,0.007731967602516685,4.06804733727808,0.00461893764434218,0.03125,0.011692326249677375,0.03125,
1990-08-31,-0.0946,0.0066,-0.026473977651904974,-0.011578257922216437,4.356115911159986,0.008429118773946032,0.0881542699724518,-0.026473977651904974,0.0881542699724518,
1990-09-30,-0.0551,0.006,0.01000077284785407,-0.00191332157132697,4.358171142950074,0.006838905775075732,-0.015189873417721489,0.01000077284785407,-0.015189873417721489,
1990-10-31,-0.012399999999999998,0.0068000000000000005,0.0184934801394514,0.018517962693134316,4.333884804966637,0.006792452830189477,-0.020565552699228773,0.0184934801394514,-0.020565552699228773,
1990-11-30,0.0692,0.005699999999999999,0.03296286736149998,0.028992521696451754,4.182897579396805,0.002248875562218311,0.002624671916010568,0.03296286736149998,0.002624671916010568,
1990-12-31,0.030600000000000002,0.006,0.01897502593781804,0.02769756819222573,4.031957119109819,0.0037397157816008164,-0.01308900523560208,0.01897502593781804,-0.01308900523560208,
1991-01-31,0.05210000000000001,0.0052,0.01011891244728608,0.006056217510542765,4.149980568087797,0.0037257824143073215,0.018567639257294433,0.01011891244728608,0.018567639257294433,
1991-02-28,0.0767,0.0048,0.007370281315449836,0.02298526625213518,3.93320777561037,0.000742390497401102,-0.05208333333333337,0.007370281315449836,-0.05208333333333337,
1991-03-31,0.031000000000000003,0.0044,0.004646588312680772,-0.011243672800165902,3.651638384041278,0.0,-0.0027472527472527375,0.004646588312680772,-0.0027472527472527375,
1991-04-30,0.0024999999999999996,0.0053,0.008742376911199794,0.0114918655853858,3.550690782887256,0.002225519287833988,-0.01377410468319562,0.008742376911199794,-0.01377410468319562,
1991-05-31,0.0413,0.004699999999999999,0.003967673305796586,0.004665056534421665,3.646344506362764,0.0037009622501846806,-0.0027932960893854997,0.003967673305796586,-0.0027932960893854997,
1991-06-30,-0.045200000000000004,0.0042,-0.005482199029786948,-0.00750071905814046,3.4681602014945634,0.00294985250737545,0.028011204481792618,-0.005482199029786948,0.028011204481792618,
1991-07-31,0.0473,0.0049,0.009556077023478502,0.007571169588330097,3.522255830482157,0.0014705882352932242,0.0027247956403269047,0.009556077023478502,0.0027247956403269047,
1991-08-31,0.0278,0.0046,0.03242780405334607,0.031735873414450375,3.375964972923162,0.00293685756240869,-0.03260869565217395,0.03242780405334607,-0.03260869565217395,
1991-09-30,-0.011300000000000001,0.0046,0.030490405260429787,0.023646703168808555,3.4281965061920827,0.002928257686676705,-0.0196629213483146,0.030490405260429787,-0.0196629213483146,
1991-10-31,0.0171,0.0042,0.0062250000000000005,0.014657025511630423,3.3054338586281595,0.0014598540145978056,0.02865329512893977,0.0062250000000000005,0.02865329512893977,
1991-11-30,-0.0381,0.0039000000000000003,0.012486696441232618,0.013907660526664326,3.3732815204258415,0.004373177842566189,0.0027855153203342198,0.012486696441232618,0.0027855153203342198,
1991-12-31,0.1123,0.0038,0.05295330253847306,0.029194384685349965,3.4843716880532893,0.002902757619738683,0.005555555555555536,0.05295330253847306,0.005555555555555536,
1992-01-31,-0.0024999999999999996,0.0034000000000000002,-0.037610414311454114,0.01015474546181229,3.251293865697513,0.0007235890014472002,-0.02209944751381221,-0.037610414311454114,-0.02209944751381221,
1992-02-29,0.013600000000000001,0.0028000000000000004,0.008894690976364649,-0.01614102232913705,3.247205009141374,0.002169197396963085,0.0,0.008894690976364649,0.0,
1992-03-31,-0.0231,0.0034000000000000002,-0.012896137549554668,-0.007879578460806473,3.288878842676324,0.003607503607503393,-0.02824858757062143,-0.012896137549554668,-0.02824858757062143,
1992-04-30,0.0141,0.0032,0.0014283574634233603,0.010444741221827484,3.4208830164357718,0.0021567217828903917,-0.014534883720930258,0.0014283574634233603,-0.014534883720930258,
1992-05-31,0.0058000000000000005,0.0028000000000000004,0.025700922520870785,0.012492226399239099,3.1553437013497554,0.002152080344332674,-0.005899705014749235,0.025700922520870785,-0.005899705014749235,
1992-06-30,-0.0201,0.0032,0.019410739761448095,0.015235497535578315,3.0123955030268323,0.0028632784538300537,0.011869436201780381,0.019410739761448095,0.011869436201780381,
1992-07-31,0.0409,0.0031,0.03560788653614696,0.03554799884938667,3.087878400817501,0.002855103497501732,0.035190615835777095,0.03560788653614696,0.035190615835777095,
1992-08-31,-0.021199999999999997,0.0026,0.012797069902048742,0.02359479416217813,2.899496847334526,0.002135231316725994,-0.028328611898016942,0.012797069902048742,-0.028328611898016942,
1992-09-30,0.014499999999999999,0.0026,0.02359151255738182,0.017799398081391242,2.656411069701048,0.0021306818181814347,0.005830903790087438,0.02359151255738182,0.005830903790087438,
1992-10-31,0.0125,0.0023,-0.026137921861979493,-0.007053780787492535,2.8246352501819505,0.004252303330970708,-0.0028985507246376274,-0.026137921861979493,-0.0028985507246376274,
1992-11-30,0.0437,0.0023,-0.00508973349340342,-0.01477989095758547,2.857278241091743,0.002822865208186087,-0.026162790697674465,-0.00508973349340342,-0.026162790697674465,
1992-12-31,0.0181,0.0028000000000000004,0.023597425390759753,0.01287317869057849,2.7951093464422927,0.0014074595355382247,0.0,0.023597425390759753,0.0,
1993-01-31,0.011600000000000001,0.0023,0.027914573798594515,0.01784888758967311,2.814223535142424,0.0035137034434302716,-0.017910447761193993,0.027914573798594515,-0.017910447761193993,
1993-02-28,0.0034000000000000002,0.0022,0.03162796601771533,0.03010423114810826,2.7313755602218714,0.002100840336133558,0.0,0.03162796601771533,0.0,
1993-03-31,0.025699999999999997,0.0025,0.005025,0.025796980181819675,2.699576383786928,0.0013976240391337935,0.003039513677811634,0.005025,0.003039513677811634,
1993-04-30,-0.0281,0.0024,0.0035393136639116133,0.005727895290702729,2.6611408005234427,0.0034891835310539854,0.036363636363636376,0.0035393136639116133,0.036363636363636376,
1993-05-31,0.031100000000000003,0.0022,-0.003122063415686301,-0.00023934490093293487,2.8643442814246356,0.0027816411682892728,0.07309941520467844,-0.003122063415686301,0.07309941520467844,
1993-06-30,0.0055,0.0025,0.03171578532380774,0.010973334197648225,2.882328249615229,0.0006934812760055475,0.013623978201634968,0.03171578532380774,0.013623978201634968,
1993-07-31,-0.0010000000000000005,0.0024,0.0025809391358063405,0.016145433241254014,2.7073072514945284,0.001386001386001201,0.053763440860215006,0.0025809391358063405,0.053763440860215006,
1993-08-31,0.039700000000000006,0.0025,0.03334896320440102,0.014597511639338367,2.8054158607350166,0.0020761245674745243,-0.03316326530612246,0.03334896320440102,-0.03316326530612246,
1993-09-30,0.0014,0.0026,0.00835738891290983,0.028893269935215675,2.793140738452049,0.0013812154696126733,-0.0633245382585752,0.00835738891290983,-0.0633245382585752,
1993-10-31,0.016399999999999998,0.0022,0.0022052028535880664,0.00676576805739189,2.566983179181004,0.004137931034482678,0.025352112676056304,0.0022052028535880664,0.025352112676056304,
1993-11-30,-0.016200000000000003,0.0025,-0.026029355606820716,-0.025488718263647618,2.607453816741123,0.0027472527472529595,0.027472527472527375,-0.026029355606820716,0.027472527472527375,
1993-12-31,0.0188,0.0023,0.004858333333333333,0.0009986955378814585,2.463137242880409,0.002054794520547798,0.02406417112299475,0.004858333333333333,0.02406417112299475,
1994-01-31,0.0312,0.0025,0.014605127762909093,0.006312023022991216,2.246607164690073,0.0,0.010443864229765065,0.014605127762909093,0.010443864229765065,
1994-02-28,-0.023399999999999997,0.0021,-0.02919330402039329,-0.011764298777817199,2.27283127659903,0.002734107997265589,-0.012919896640826822,-0.02919330402039329,-0.012919896640826822,
1994-03-31,-0.0452,0.0027,-0.04067698728706259,-0.033015227135368294,2.397260273972557,0.0027266530334020267,0.005235602094240788,-0.04067698728706259,0.005235602094240788,
1994-04-30,0.009500000000000001,0.0027,-0.015182416084344407,-0.030254001113217445,2.253722056123064,0.0006798096532971698,-0.01822916666666663,-0.015182416084344407,-0.01822916666666663,
1994-05-31,0.009,0.0032,-0.0019123120227589833,-0.009134964886277758,2.1357049944035422,0.0020380434782609758,0.010610079575596787,-0.0019123120227589833,0.010610079575596787,
1994-06-30,-0.0273,0.0031,-0.006013154975149639,0.011622275903236768,2.265137434456088,0.002711864406779174,0.013123359580052396,-0.006013154975149639,0.013123359580052396,
1994-07-31,0.031,0.0028000000000000004,0.021512536306887063,-0.008231651113733491,2.267997707874736,0.0033806626098715764,-0.002590673575129543,0.021512536306887063,-0.002590673575129543,
1994-08-31,0.043899999999999995,0.0037,0.000985890156001085,0.01028975995334841,2.191516902977253,0.004043126684636356,-0.012987012987012991,0.000985890156001085,-0.012987012987012991,
1994-09-30,-0.0191,0.0037,-0.02430399483407253,-0.00943191138405658,2.192731972707307,0.002013422818791577,0.03157894736842115,-0.02430399483407253,0.03157894736842115,
1994-10-31,0.017300000000000003,0.0038,-0.006780774367902303,-0.013272894111096358,2.2656683721697046,0.000669792364367483,-0.005102040816326481,-0.006780774367902303,-0.005102040816326481,
1994-11-30,-0.0366,0.0037,-0.000344351759290395,-0.008672932043335267,2.1894969993565327,0.0026773761713525523,-0.01538461538461533,-0.000344351759290395,-0.01538461538461533,
1994-12-31,0.013000000000000001,0.0044,0.011367291008687042,0.016844153119028937,2.1780430522520877,0.0020026702269684282,-0.01302083333333337,0.011367291008687042,-0.01302083333333337,
1995-01-31,0.0222,0.0042,0.022957864477217833,0.008564138861120413,2.351200263071296,0.0026648900732844094,0.0,0.022957864477217833,0.0,
1995-02-28,0.0403,0.004,0.032618343976038064,0.027755017688232374,2.2968962071382215,0.0026578073089706944,-0.00527704485488123,0.032618343976038064,-0.00527704485488123,
1995-03-31,0.0265,0.0046,0.007423864416594482,0.02501008932369786,2.199925678186565,0.001988071570576677,0.013262599469495928,0.007423864416594482,0.013262599469495928,
1995-04-30,0.0255,0.0044,0.015155028028470362,0.01585926095373733,2.284196152932738,0.003968253968253954,0.023560209424083878,0.015155028028470362,0.023560209424083878,
1995-05-31,0.0344,0.0054,0.060436535987987136,0.03635721972533045,2.2302520510617985,0.0019762845849795596,-0.01534526854219953,0.060436535987987136,-0.01534526854219953,
1995-06-30,0.0319,0.004699999999999999,0.01185295345021765,0.03876755122984976,2.0923222412672082,0.0019723865877718794,0.007792207792207684,0.01185295345021765,0.007792207792207684,
1995-07-31,0.0416,0.0045000000000000005,-0.01250588299433306,-0.0029770085997019554,2.039281606653054,0.001312335958004729,-0.005154639175257714,-0.01250588299433306,-0.005154639175257714,
1995-08-31,0.0102,0.004699999999999999,0.017761750956773993,-0.010187720363279338,2.169558429316254,0.001965923984272422,-0.005181347150259086,0.017761750956773993,-0.005181347150259086,
1995-09-30,0.037899999999999996,0.0043,0.013311028126797228,0.026500029842641357,2.1486242040089643,0.0013080444735125152,-0.0026041666666666297,0.013311028126797228,-0.0026041666666666297,
1995-10-31,-0.010400000000000001,0.004699999999999999,0.015474526096590255,0.01695934821185627,2.156785069765421,0.002612671456563742,0.0,0.015474526096590255,0.0,
1995-11-30,0.0438,0.0042,0.02508176553719335,0.013200834521766316,2.0356755806801186,0.0013029315960917387,0.005221932114882533,0.02508176553719335,0.005221932114882533,
1995-12-31,0.0153,0.0049,0.01833949642026627,0.021359971416896578,2.144791742917729,0.0013012361743656164,0.0051948051948051965,0.01833949642026627,0.0051948051948051965,
1996-01-31,0.0269,0.0043,0.0031329514708976257,0.009282002229802942,2.006571741511509,0.005198180636776684,0.03100775193798455,0.0031329514708976257,0.03100775193798455,
1996-02-29,0.0172,0.0039000000000000003,-0.03549763928146549,-0.007388520639134678,1.9726770379226766,0.0019392372333555397,0.015037593984962516,-0.03549763928146549,0.015037593984962516,
1996-03-31,0.011300000000000001,0.0039000000000000003,-0.010419549529787991,-0.029679015544325386,1.9591302450730597,0.003225806451612412,-0.022222222222222254,-0.010419549529787991,-0.022222222222222254,
1996-04-30,0.0252,0.0046,-0.018150760404438054,-0.01240716231277516,1.860262642385635,0.0038585209003219045,-0.007575757575757569,-0.018150760404438054,-0.007575757575757569,
1996-05-31,0.0278,0.0042,-0.008161852533982775,-0.011287604051140022,1.8643527639355728,0.0019218449711724261,-0.0025445292620864812,-0.008161852533982775,-0.0025445292620864812,
1996-06-30,-0.007299999999999999,0.004,0.014293936332730076,-0.006607221816765021,1.8540496728999267,0.0019181585677745527,-0.017857142857142905,0.014293936332730076,-0.017857142857142905,
1996-07-31,-0.055099999999999996,0.0045000000000000005,0.000572676713039664,0.008612422844431434,1.8843658328637103,0.0019144862795148487,-0.0051948051948051965,0.000572676713039664,-0.0051948051948051965,
1996-08-31,0.031799999999999995,0.0040999999999999995,-0.005806826837408012,0.022165810988330488,1.7284876093819568,0.001273885350318693,0.010443864229765065,-0.005806826837408012,0.010443864229765065,
1996-09-30,0.0545,0.0044,0.022885789155207288,-0.008191025967777432,1.9033084741858497,0.0031806615776082126,-0.01033591731266148,0.022885789155207288,-0.01033591731266148,
1996-10-31,0.012899999999999998,0.0042,0.030789744657170496,0.027175171686240538,1.897252502621094,0.003170577045022549,-0.005221932114882533,0.030789744657170496,-0.005221932114882533,
1996-11-30,0.06659999999999999,0.0040999999999999995,0.027978889404372913,0.029398707418329766,1.9649213457342718,0.003160556257901126,-0.007874015748031482,0.027978889404372913,-0.007874015748031482,
1996-12-31,-0.012400000000000001,0.0046,-0.022397143322034425,-0.002203759299076855,1.8603984520567884,0.00252047889098872,-0.023809523809523836,-0.022397143322034425,-0.023809523809523836,
1997-01-31,0.054099999999999995,0.0045000000000000005,-0.001934666874949218,-0.015292521845121601,1.8539993414365297,0.001885606536769835,-0.03794037940379402,-0.001934666874949218,-0.03794037940379402,
1997-02-28,-0.0008999999999999993,0.0039000000000000003,0.003263753871060967,0.01707236959728549,1.9302259079211126,0.0018820577164364583,-0.022535211267605604,0.003263753871060967,-0.022535211267605604,
1997-03-31,-0.045899999999999996,0.0043,-0.020632489661194343,-0.014350122427194002,1.9371772559984013,0.0006261740763930934,0.014409221902017322,-0.020632489661194343,0.014409221902017322,
1997-04-30,0.0447,0.0043,0.020030647594677667,-0.008838814568742127,1.9986609114349019,0.0006257822277848657,-0.022727272727272707,0.020030647594677667,-0.022727272727272707,
1997-05-31,0.0722,0.0049,0.009198534951024372,0.018596721085043448,1.8956469801903353,0.0,0.0,0.009198534951024372,0.0,
1997-06-30,0.0447,0.0037,0.01709989581350755,0.021432429691977558,1.9680843505321288,0.001876172607880422,-0.008720930232558155,0.01709989581350755,-0.008720930232558155,
1997-07-31,0.0774,0.0043,0.0410301129785155,0.025045430083378742,1.846677540599928,0.0012484394506864227,-0.04985337243401755,0.0410301129785155,-0.04985337243401755,
1997-08-31,-0.036899999999999995,0.0040999999999999995,-0.018765300066680934,-0.0007075830556101627,1.7175410254230083,0.0024937655860348684,0.0,-0.018765300066680934,0.0,
1997-09-30,0.0578,0.0044,0.021394272778051077,0.01185295345021765,1.6205142695676855,0.0024875621890543265,-0.0030864197530864335,0.021394272778051077,-0.0030864197530864335,
1997-10-31,-0.0338,0.0042,0.025813391178048022,0.01843566224574982,1.5335175057789252,0.0018610421836231517,0.006191950464396356,0.025813391178048022,0.006191950464396356,
1997-11-30,0.033800000000000004,0.0039000000000000003,0.003367855318242756,0.01616764752066298,1.4315676862656668,0.0012383900928789604,-0.058461538461538454,0.003367855318242756,-0.058461538461538454,
1997-12-31,0.0181,0.0048,0.013119153179245058,0.010136119408543066,1.4521303540271147,0.0006184291898585492,-0.05555555555555558,0.013119153179245058,-0.05555555555555558,
1998-01-31,0.0058,0.0043,0.021347632111150584,0.025103806225292475,1.4983695041043799,0.0012360939431388385,0.0,0.021347632111150584,0.0,
1998-02-28,0.0742,0.0039000000000000003,-0.002234334394267899,0.0023368421636964956,1.3774722962547115,0.0,0.02768166089965396,-0.002234334394267899,0.02768166089965396,
1998-03-31,0.0515,0.0039000000000000003,0.0008977789095354987,-0.0014293590262002102,1.2440526168486565,0.0,-0.0033670033670033517,0.0008977789095354987,-0.0033670033670033517,
1998-04-30,0.0117,0.0043,0.0039696504357098865,0.005464386706612607,1.2318435754190116,0.0012345679012351063,0.04054054054054057,0.0039696504357098865,0.04054054054054057,
1998-05-31,-0.026699999999999998,0.004,0.013793309559039225,0.0039435943628223875,1.2560710098810324,0.002466091245376223,-0.02922077922077926,0.013793309559039225,-0.02922077922077926,
1998-06-30,0.036,0.0040999999999999995,0.013744122132163606,0.016049133932522122,0.9796817079628761,0.0012300123001232066,-0.02341137123745818,0.013744122132163606,-0.02341137123745818,
1998-07-31,-0.0202,0.004,-4.767595348827581e-05,0.007628783760088442,1.194869580960134,0.0024570024570018667,0.003424657534246478,-4.767595348827581e-05,0.003424657534246478,
1998-08-31,-0.1562,0.0043,0.038844650634328536,0.013703451131677709,1.4335868929198359,0.001225490196078649,-0.030716723549488067,0.038844650634328536,-0.030716723549488067,
1998-09-30,0.0665,0.0046,0.05164318695436147,0.0451055567260499,1.2067790954718216,0.000611995104039087,0.01760563380281699,0.05164318695436147,0.01760563380281699,
1998-10-31,0.073,0.0032,-0.01230953274004466,0.026030297072333883,1.2507635071352885,0.0024464831804280607,0.02422145328719716,-0.01230953274004466,0.02422145328719716,
1998-11-30,0.06380000000000001,0.0031,-0.004062100338471977,-0.020136310032845477,1.23789169835411,0.0012202562538132788,-0.006756756756756799,-0.004062100338471977,-0.006756756756756799,
1998-12-31,0.06530000000000001,0.0038,0.01105204303964329,0.01816855851196144,1.3536754507628368,0.0018281535648998481,-0.006802721088435382,0.01105204303964329,-0.006802721088435382,
1999-01-31,0.0383,0.0034999999999999996,0.0030825005482683545,-0.001672496162121687,1.3433042514887639,0.0018248175182478121,-0.017123287671232834,0.0030825005482683545,-0.017123287671232834,
1999-02-28,-0.0373,0.0034999999999999996,-0.04602038184125399,-0.01818291416749996,1.2217733008634157,0.0,0.0,-0.04602038184125399,0.0,
1999-03-31,0.039099999999999996,0.0043,0.007483882915454123,-0.013760869961827144,1.1444525840025088,0.0006071645415910432,-0.0034843205574912606,0.007483882915454123,-0.0034843205574912606,
1999-04-30,0.0471,0.0037,-0.004098662700397424,0.00821361956511377,1.2182334924533134,0.006674757281553312,-0.010489510489510523,-0.004098662700397424,-0.010489510489510523,
1999-05-31,-0.0212,0.0034000000000000002,-0.016991612980101944,-0.023506735216903666,1.2170581100451994,0.0006027727546715766,-0.02473498233215543,-0.016991612980101944,-0.02473498233215543,
1999-06-30,0.051699999999999996,0.004,-0.008158895832019047,-0.022741227368975277,1.397993403348008,0.0,-0.05434782608695654,-0.008158895832019047,-0.05434782608695654,
1999-07-31,-0.0311,0.0038,-0.003413279079440169,0.013137232454394663,1.2949838299042726,0.004216867469879038,-0.019157088122605415,-0.003413279079440169,-0.019157088122605415,
1999-08-31,-0.0098,0.0039000000000000003,0.0004535400971802557,-0.006442201327371528,1.146867746233271,0.0023995200959812113,0.00390625,0.0004535400971802557,0.00390625,
1999-09-30,-0.023799999999999998,0.0039000000000000003,0.010939828992287924,0.006441882374701568,1.4314169929253495,0.00418910831837227,0.03112840466926059,0.010939828992287924,0.03112840466926059,
1999-10-31,0.0648,0.0039000000000000003,-0.004051223283581969,-0.009252678581151329,1.4066934477700244,0.0017878426698447747,0.17358490566037732,-0.004051223283581969,0.17358490566037732,
1999-11-30,0.0377,0.0036,-0.006874316700007107,0.011012508094532497,1.4859492803289909,0.0017846519928610416,-0.05787781350482313,-0.006874316700007107,-0.05787781350482313,
1999-12-31,0.081,0.0044,-0.014768482154169902,-0.013546079201105012,1.4395971317532341,0.0023752969121144663,-0.03412969283276446,-0.014768482154169902,-0.03412969283276446,
2000-01-31,-0.043300000000000005,0.0040999999999999995,-0.011383545412106032,-0.022671430498632558,1.5386717682426276,0.002962085308056528,0.0035335689045936647,-0.011383545412106032,0.0035335689045936647,
2000-02-29,0.028900000000000002,0.0043,0.024313162785586817,0.015653470288198003,1.7223703096165721,0.004134672179563426,0.05633802816901401,0.024313162785586817,0.05633802816901401,
2000-03-31,0.0568,0.004699999999999999,0.03380573239483565,0.024317207008130295,1.9008704920944863,0.005882352941176672,-0.046666666666666634,0.03380573239483565,-0.046666666666666634,
2000-04-30,-0.0593,0.0046,-0.00983186336088397,0.025061968984849955,1.70653581408029,-0.0005847953216373547,-0.020979020979020935,-0.00983186336088397,-0.020979020979020935,
2000-05-31,-0.0389,0.005,0.0007755114589612002,-0.028498131346852862,1.718526588139202,0.0017554125219418903,-0.017857142857142905,0.0007755114589612002,-0.017857142857142905,
2000-06-30,0.0508,0.004,0.02432562971112265,0.03015151415641033,1.742112856248479,0.005841121495326895,0.040000000000000036,0.02432562971112265,0.040000000000000036,
2000-07-31,-0.02,0.0048,0.004282156831955781,0.00878556641925956,1.7919734804228593,0.0029036004645761615,-0.013986013986013957,0.004282156831955781,-0.013986013986013957,
2000-08-31,0.0753,0.005,0.028050836682553468,0.02136912683137255,1.87257271665624,0.0,-0.028368794326241176,0.028050836682553468,-0.028368794326241176,
2000-09-30,-0.049300000000000004,0.0051,-0.0004977071161776942,0.007107593586312374,1.850020992185497,0.005211349160394452,0.0,-0.0004977071161776942,0.0,
2000-10-31,-0.022199999999999998,0.005600000000000001,0.0070857275308603244,0.009338121728387265,1.8184768059704925,0.0017281105990780699,-0.014598540145985384,0.0070857275308603244,-0.014598540145985384,
2000-11-30,-0.10189999999999999,0.0051,0.02661183383337347,0.006289120852997387,1.9004781586837938,0.0017251293847038163,-0.014814814814814836,0.02661183383337347,-0.014814814814814836,
2000-12-31,0.0168,0.005,0.032001352787397616,0.040939189503005124,1.8710878480466597,0.0022962112514348654,0.018796992481203034,0.032001352787397616,0.018796992481203034,
2001-01-31,0.0379,0.0054,-0.001158743039426589,0.01053222655180909,2.0052216510107135,0.005727376861397904,-0.022140221402214055,-0.001158743039426589,-0.022140221402214055,
2001-02-28,-0.0965,0.0038,0.025182736833512877,0.008941600166659982,2.0358798629308117,0.002277904328017666,-0.01132075471698113,0.025182736833512877,-0.01132075471698113,
2001-03-31,-0.0683,0.0042,0.003317588630440441,0.020541574904177153,1.9324643278618492,0.0005681818181817455,0.003816793893129722,0.003317588630440441,0.003816793893129722,
2001-04-30,0.0832,0.0039000000000000003,-0.028737402289520972,-0.015513075814074823,2.02768806036151,0.0017035775127773878,-0.011406844106463865,-0.028737402289520972,-0.011406844106463865,
2001-05-31,0.01,0.0032,-0.0016754781090357182,-0.015074886138259677,1.9425144249434645,0.005102040816326925,0.04615384615384621,-0.0016754781090357182,0.04615384615384621,
2001-06-30,-0.0166,0.0028000000000000004,0.0052888588901704855,0.012909864385887601,2.0921957353452703,0.002256063169768563,-0.007352941176470562,0.0052888588901704855,-0.007352941176470562,
2001-07-31,-0.0183,0.003,0.031264243345872036,0.007476993676403166,2.122122122122061,-0.0016882386043901576,-0.007407407407407418,0.031264243345872036,-0.007407407407407418,
2001-08-31,-0.0609,0.0031,0.021316520367495536,0.025175431279022355,2.0420948801002536,0.0,0.014925373134328401,0.021316520367495536,0.014925373134328401,
2001-09-30,-0.0896,0.0028000000000000004,0.02366688720717206,0.022875195073132903,1.2167067803146026,0.003945885005637972,0.040441176470588314,0.02366688720717206,0.040441176470588314,
2001-10-31,0.027,0.0022,0.027664982373088454,0.01657351960294778,1.7873267116375269,-0.0028074115665360777,0.0,0.027664982373088454,0.0,
2001-11-30,0.07700000000000001,0.0017000000000000001,-0.03509792191883816,-0.002555864618026757,1.8146631142217373,-0.0005630630630630851,-0.02473498233215543,-0.03509792191883816,-0.02473498233215543,
2001-12-31,0.0176,0.0015,-0.018857612228022028,-0.030994975876193803,1.7387274051512414,-0.000563380281690562,0.0,-0.018857612228022028,0.0,
2002-01-31,-0.013,0.0014000000000000002,0.0042250000000000005,0.008122441831384471,1.4182806480553145,0.001691093573845226,0.021739130434782705,0.0042250000000000005,0.021739130434782705,
2002-02-28,-0.0217,0.0013,0.018985858499200686,0.014313838273672712,1.4328987225075585,0.0016882386043890474,0.049645390070921946,0.018985858499200686,0.049645390070921946,
2002-03-31,0.0437,0.0013,-0.038263614556412806,-0.024871255093376107,1.4485126761304201,0.002808988764044562,-0.006756756756756799,-0.038263614556412806,-0.006756756756756799,
2002-04-30,-0.0506,0.0015,0.0282073774396771,0.009784738933705567,1.5696834362275647,0.004481792717087263,0.030612244897959107,0.0282073774396771,0.030612244897959107,
2002-05-31,-0.0122,0.0014000000000000002,0.006584604673491091,0.008200579227149729,1.658612176288221,0.001115448968209476,0.03630363036303641,0.006584604673491091,0.03630363036303641,
2002-06-30,-0.07100000000000001,0.0013,0.021316796117304346,0.022092800638863194,1.5933331586257093,0.0005571030640674213,0.022292993630573354,0.021316796117304346,0.022292993630573354,
2002-07-31,-0.0804,0.0015,0.03151229468648128,0.02600549041523611,1.5382604718029214,0.002227171492204638,-0.024922118380062308,0.03151229468648128,-0.024922118380062308,
2002-08-31,0.0064,0.0014000000000000002,0.03327710742449777,0.03478247861753552,1.6877196190873578,0.002777777777778212,-0.009584664536741228,0.02520502078132325,-0.009584664536741228,
2002-09-30,-0.102,0.0014000000000000002,0.04486585607381908,0.03503887509798553,2.4356919519692433,0.0016620498614956514,0.029032258064516148,0.03854833981944572,0.029032258064516148,
2002-10-31,0.0798,0.0014000000000000002,-0.021945728410488516,-0.0025340631758942124,1.805515693897286,0.0022123893805308104,-0.006269592476489061,-0.012507739399507778,-0.006269592476489061,
2002-11-30,0.0608,0.0012,-0.02051485515086421,-0.005736045761913736,1.6976956125504206,0.0016556291390721345,0.006309148264984188,-0.02089240802189518,0.006309148264984188,
2002-12-31,-0.0565,0.0011,0.035066064607457835,0.0050062052911177945,1.7688863435205926,0.0016528925619838652,0.040752351097178785,0.03547755536070185,0.040752351097178785,
2003-01-31,-0.024699999999999996,0.001,-0.010821736657460512,0.0017255544682164374,1.7809056731407091,0.00440044004400475,0.07530120481927716,-0.007662058444726894,0.07530120481927716,
2003-02-28,-0.017899999999999996,0.0009,0.027042911682999164,0.01560903968338354,1.726869043600221,0.005476451259583737,0.0056022408963585235,0.02203829136373958,0.0056022408963585235,
2003-03-31,0.0119,0.001,-0.006857872011797021,0.010643772936651872,1.768901569186876,0.0016339869281047914,-0.05013927576601673,-0.0037981225988031886,-0.05013927576601673,
2003-04-30,0.0828,0.001,-0.001754240388907658,-0.0092017516688256,1.598448108632411,-0.0038064165307231113,-0.038123167155425186,0.0013786160263937752,-0.038123167155425186,
2003-05-31,0.061399999999999996,0.0009,0.045981907624196794,0.03524692114105542,1.6315510715531722,-0.0016375545851532447,0.08536585365853666,0.03790951601157633,0.08536585365853666,
2003-06-30,0.015199999999999998,0.001,-0.011522307553026833,0.02300999692726718,1.5270719942218847,0.0010934937124105204,0.0,-0.006916078170095652,0.0,
2003-07-31,0.024,0.0007000000000000001,-0.07647117214872193,-0.052125960802782444,1.5741646501570505,0.0032768978700170592,-0.014044943820224698,-0.0502009882538802,-0.014044943820224698,
2003-08-31,0.024,0.0007000000000000001,0.006935933847494377,-0.03514630953485528,1.4888560601195477,0.004354926510614643,0.02564102564102555,0.0071007007080832185,0.02564102564102555,
2003-09-30,-0.0116,0.0008,0.04291294620066375,0.018110027856026195,1.464628328117823,0.003252032520325576,0.05277777777777781,0.04975437639795177,0.05277777777777781,
2003-10-31,0.0615,0.0007000000000000001,-0.027008617492796174,0.001944293815268968,1.5659037904610429,-0.0010804970286337756,0.0,-0.014664721642469125,0.0,
2003-11-30,0.0142,0.0007000000000000001,0.0028036317136649193,0.0027687540254332493,1.605346032721422,0.000540832882639064,0.029023746701847042,0.0002257964544629676,0.029023746701847042,
2003-12-31,0.0437,0.0008,0.009246880061371834,0.006000911786594062,1.6371007968077,0.002702702702702897,0.04358974358974366,0.020402563980762123,0.04358974358974366,
2004-01-31,0.022199999999999998,0.0007000000000000001,0.012435550682687061,0.013242570441719188,1.8289877300613488,0.004312668463612335,0.017199017199017286,0.010153259414304783,0.017199017199017286,
2004-02-29,0.014599999999999998,0.0006,0.017258678502320476,0.00914012886549821,1.853270026037701,0.0021470746108422922,-0.021739130434782594,0.01611851573816825,-0.021739130434782594,
2004-03-31,-0.0123,0.0009,0.01395856182384305,0.0237606128674171,1.8604888243240136,0.002142474558115337,0.004938271604938205,0.01297026179595795,0.004938271604938205,
2004-04-30,-0.017300000000000003,0.0008,-0.05193247564203462,-0.03967286114831055,2.01244892503909,0.0016034206306783094,-0.009828009828009798,-0.04346214896387901,-0.009828009828009798,
2004-05-31,0.0124,0.0006,-0.006586567680899718,-0.026120448690793892,2.0057452271398546,0.004268943436500194,-0.04714640198511166,-0.005310424841605155,-0.04714640198511166,
2004-06-30,0.0193,0.0008,0.00705182318568812,0.003143467351160694,2.1100637719454918,0.0037194473963868546,0.02083333333333326,0.006531808090323166,0.02083333333333326,
2004-07-31,-0.0394,0.001,0.013373583752242159,0.022099955262570824,1.9755433060888672,0.0010587612493380139,0.015306122448979664,0.012116927082430617,0.015306122448979664,
2004-08-31,0.0018000000000000002,0.0011,0.03328286788445542,0.021310083606973434,1.8999038023390646,0.000528820729772228,0.007537688442211143,0.02829826660514345,0.007537688442211143,
2004-09-30,0.0171,0.0011,0.002629200252779042,0.015666157657119893,1.9490861288772754,0.00317124735729446,0.009975062344139696,0.0032233645147541345,0.009975062344139696,
2004-10-31,0.0153,0.0011,0.010758680483615115,0.005879065908329482,1.982084279586216,0.005268703898840821,0.03703703703703698,0.009892543467224124,0.03703703703703698,
2004-11-30,0.0468,0.0015,-0.021908682012325948,-0.0039060974544995763,2.062544098377206,0.004716981132075304,0.0452380952380953,-0.019778975526856146,0.0452380952380953,
2004-12-31,0.0358,0.0016,0.013275887239036667,0.00025116405959586287,2.0662665005599656,0.0,0.006833712984054774,0.01167305149565312,-0.029255313077842793,
2005-01-31,-0.0259,0.0016,0.011615157828221328,0.004333570550865581,2.171430005899211,-0.0005216484089726192,-0.040723981900452455,0.008711460462852427,-0.03607301470043256,
2005-02-28,0.020399999999999998,0.0016,-0.014415663404392548,0.007561461274460359,2.175438596491208,0.00417536534446783,-0.002358490566037763,-0.013683656791720344,0.03102789011648288,
2005-03-31,-0.0173,0.0021,-0.0076163128899872125,-0.023284859145191284,2.2556108789751894,0.0036382536382537634,0.026004728132387633,-0.00403418582820958,-0.01631056982272039,
2005-04-30,-0.023999999999999997,0.0021,0.02689738293646505,0.016520969895980696,2.107509171221067,0.0031071983428279104,-0.011520737327188946,0.02516414619134899,0.01237736532167566,
2005-05-31,0.0389,0.0024,0.020504632130953524,0.01970299065153844,2.176892787718687,-0.0005162622612284729,-0.01631701631701632,0.018382382495516048,-0.03921561725675826,
2005-06-30,0.0081,0.0023,0.008238763336712498,0.014819058530067968,2.086365841824289,0.0005165289256197081,0.021327014218009532,0.004784583541779686,0.042977119693930366,
2005-07-31,0.0416,0.0024,-0.024594747506521207,-0.011382956676804046,2.1149688098019093,0.006195147134743895,-0.016241299303944357,-0.021870648038560425,-0.014272535715587287,
2005-08-31,-0.009000000000000001,0.003,0.024539117716785575,-0.003000787482331458,2.1588721197441707,0.006157003591585664,0.03301886792452824,0.020005730373292563,0.01354511525428137,
2005-09-30,0.007699999999999999,0.0029,-0.022787063573298526,0.008394442322766975,2.193265225153751,0.013768485466599145,0.041095890410958846,-0.017522473290224716,0.07603684610685546,
2005-10-31,-0.0177,0.0027,-0.014882605915935886,-0.01755314826645294,2.265220026969783,0.0015090543259557165,0.030701754385964897,-0.012393036106573052,-0.006423966427397176,
2005-11-30,0.0392,0.0031,0.010172531284693424,-0.0026810285954280318,2.306030491944977,-0.005022601707684871,0.014893617021276562,0.006253063297160244,0.05818958748818792,
2005-12-31,0.0008000000000000004,0.0032,0.011727334618736051,0.009359978136117325,2.2808812832114667,0.0,0.0691823899371069,0.013659290598107665,0.05050923490844328,
2006-01-31,0.0338,0.0034999999999999996,-0.0075751700091187535,0.007721649698103832,2.1424798221151953,0.006057546693588822,0.07843137254901955,-0.007031793844750278,0.09926325610950593,
2006-02-28,0.0004000000000000002,0.0034000000000000002,0.002180912664476979,-0.008335303041305569,2.1377060439560225,0.0005017561465128217,0.009090909090909038,-0.0010348771447322713,-0.011111129799614039,
2006-03-31,0.0184,0.0037,-0.020893127452288003,-0.00812453782546676,2.167928844953937,0.0015045135406219767,0.003603603603603567,-0.013578995317461873,0.03620472249591011,
2006-04-30,0.0109,0.0036,-0.012427376811888734,-0.01739304818532732,2.362185479830381,0.005007511266900133,0.09694793536804314,-0.006271472648851861,0.12030977706278279,
2006-05-31,-0.0313,0.0043,0.0003405635528419336,-0.005199583278908406,2.408565958121378,0.002989536621824218,0.10474631751227492,-0.001068099008176393,-0.013212367941959902,
2006-06-30,0.0005000000000000004,0.004,0.0019414910783409705,0.004258333333333334,2.595788242176167,0.0024838549428713996,-0.11703703703703705,0.0022954944676263356,-0.046707203143457665,
2006-07-31,-0.0037,0.004,0.016675095122445686,0.005809180893438505,2.545755451713405,0.005450941526263131,0.06375838926174504,0.016773252838420794,0.031520501708389936,
2006-08-31,0.024499999999999997,0.0042,0.023653992942170146,0.020540922358481466,2.671351969164526,0.0044356826022673435,-0.001577287066246047,0.017635035562292067,-0.013774523970655372,
2006-09-30,0.0225,0.0040999999999999995,0.011841158932937065,0.016608972214245746,2.6060054595086646,-0.004906771344455052,-0.05529225908372826,0.01207654043574169,-0.04527210873938614,
2006-10-31,0.0363,0.0040999999999999995,0.0062452967682081984,0.003143467351160694,2.496915148435863,-0.004437869822485396,-0.02006688963210701,0.0053854680140768,0.012947712156690105,
2006-11-30,0.0212,0.0042,0.015751816814272332,0.014205047177395107,2.2842180203443974,0.0004952947003469266,0.07167235494880542,0.01311441215786302,0.06889106234313203,
2006-12-31,0.0125,0.004,-0.01627613102737923,0.007010886538634048,2.3156016827588832,0.005445544554455228,0.0031847133757962887,-0.012756821659992812,-0.018325831904969392,
2007-01-31,0.0182,0.0044,-0.005557896973659652,-0.012118081631007563,2.5004510193036955,0.0016592811422941889,0.0015873015873015817,-0.004003292137052972,0.02562890001654794,
2007-02-28,-0.015799999999999998,0.0038,0.02524033776794227,0.0071201340158234296,2.5564668163643445,0.003878350545869047,0.0538827258320127,0.020550318856590977,0.025451202827030173,
2007-03-31,0.0114,0.0043,-0.0033631367339534927,0.016571189048095233,2.3769893065418213,0.005200121434097538,-0.015037593984962405,-0.0013813553838161186,-0.011131249335096238,
2007-04-30,0.0393,0.0044,0.005459998903463403,-0.006546753060154982,2.2109736879804887,0.003000662483925609,0.03664122137404591,0.00606455438927922,0.02053542010936238,
2007-05-31,0.0364,0.0040999999999999995,-0.017559530327206002,-0.0008376250017898207,2.075642460761662,0.004132994016628366,-0.0176730486008837,-0.013934453119874068,-0.023103227112383773,
2007-06-30,-0.0156,0.004,-0.006097645571582224,-0.023647609936759868,1.9872662913073214,0.0023167517109625724,-0.016491754122938573,-0.004677160046489215,-0.01937754431980876,
2007-07-31,-0.03320000000000001,0.004,0.02365053716148225,0.01200789281151289,2.0411069445103847,0.0017805958481718065,0.013719512195121908,0.02256827010379836,0.023650293322754035,
2007-08-31,0.013599999999999998,0.0042,0.02288618483238604,0.029888784437983866,1.9848413074372573,0.00030828070885213776,0.0,0.02263061139417788,0.011095846137414656,
2007-09-30,0.0354,0.0032,-0.00019998438294085942,0.0157678526822269,2.1023258013786794,0.004237553390765703,0.07218045112781946,0.0008831450815431907,0.1050812664749683,
2007-10-31,0.0211,0.0032,0.012567435394253888,0.0029692426116734736,2.1835091943441354,0.0030832378312801723,0.058906030855540026,0.01076909689132699,0.0695143580717299,
2007-11-30,-0.0446,0.0034000000000000002,0.04447969334426125,0.03406265937493756,2.3358422008823876,0.007858884267890609,0.06754966887417213,0.040475752037129276,-0.016535271004099905,
2007-12-31,-0.005999999999999999,0.0027,-0.0024229612732121174,0.007516758713451166,2.4033930254477864,0.0028980145517321088,-0.003722084367245637,0.0005060778092194074,0.06647697115798756,
2008-01-31,-0.0612,0.0021,0.03355851505047813,0.032707723151331185,2.1930442128977656,0.003447705076970786,0.1083437110834371,0.03355953068979578,0.10841623260567879,
2008-02-29,-0.029599999999999998,0.0013,0.01468870259378562,0.003116666666666667,2.0724053952790644,0.002417826877939566,0.035955056179775235,0.012392151960393338,0.052297578769114894,
2008-03-31,-0.0076999999999999985,0.0017000000000000001,0.00963302540052642,0.02215886916568491,2.1697429059348794,0.0035780278061186,0.049891540130151846,0.013373739255395645,-0.059991647169457374,
2008-04-30,0.047900000000000005,0.0018,-0.023995085242027876,-0.011308006983460496,2.083722668660082,0.0023143810202019832,-0.05991735537190079,-0.024174921207698263,-0.0415883418198143,
2008-05-31,0.0205,0.0018,-0.02083315523848352,-0.013540075919317407,2.148931950488242,0.0059174916566169244,-0.023076923076923106,-0.017774306207316015,0.009232491728512704,
2008-06-30,-0.0826,0.0017000000000000001,0.009089800968824115,-0.014857824854205332,2.2140952025996308,0.010478235009851122,0.0,0.011459786018603424,0.0451687217321981,
2008-07-31,-0.006,0.0015,0.0033250000000000003,0.010739430787832797,2.244499232451047,0.007141444751521231,0.057367829021372385,0.007205059814964887,-0.014442009549096912,
2008-08-31,0.0166,0.0013,0.016412460706268308,0.01314779444443001,2.2179385944539165,-0.0014884757278014193,-0.10744680851063826,0.015266755735740656,-0.09291743535130026,
2008-09-30,-0.092,0.0015,0.001543030981475244,0.019680220881101336,2.0439832775532407,0.0008550916822902543,-0.010727056019070313,-0.0014040906175528667,0.04112104574714248,
2008-10-31,-0.1712,0.0008,-0.009967987000295933,-0.006884206548307086,1.6344021437811218,-0.008598436564828282,-0.027710843373493943,-0.008627118456355443,-0.1613965370422935,
2008-11-30,-0.0771,0.0003,0.09159681666653724,0.02627826978180791,1.390265833583082,-0.017705477084725918,-0.057001239157372985,0.07753754045036843,0.1257359360970265,
2008-12-31,0.0177,0.0,0.06101693848878365,0.09578426909897128,1.1378278877127723,-0.008233522399403004,0.07227332457293034,0.05156191585608472,0.07732535516442862,
2009-01-31,-0.0809,0.0,-0.05336839020890207,-0.006818159026518646,0.9059281457751478,0.0025307713412612287,0.052696078431372584,-0.03887225882384615,0.05536293459751551,
2009-02-28,-0.1013,0.0001,-0.010567699049144728,-0.028668140644170115,0.8878386748950806,0.003642660652187546,0.09778812572759032,-0.007348975217770559,0.014456244990885825,
2009-03-31,0.0903,0.0002,0.029101842246181033,0.006711455238603798,0.7624586429152203,-0.000987282856538596,-0.020148462354188768,0.03313676084906292,-0.02536973490015282,
2009-04-30,0.1018,0.0001,-0.03692895830540948,-0.007177062105235249,0.9279176201373307,0.00100708251958892,-0.03679653679653683,-0.027451737414736832,-0.03334074188003566,
2009-05-31,0.0521,0.0,-0.023769371166015598,-0.028568771356806973,0.8223026759099694,0.0014714939189224285,0.043820224719101075,-0.020773114389957215,0.10232612179073874,
2009-06-30,0.0043,0.0001,-0.0021415585175770494,-0.033648635650814634,0.7201458523244275,0.008299612246621901,0.01829924650161474,-0.00557095811360242,-0.052182918942994094,
2009-07-31,0.0775,0.0001,0.0037780865083991066,0.016359613075049184,0.625582929547952,-0.00029796545462956736,-0.012684989429175508,0.008316037637104534,0.023799058583926502,
2009-08-31,0.033400000000000006,0.0001,0.012975264899178936,0.00046107210537638544,0.6509440392611809,0.0033484533777923264,0.016059957173447437,0.007633962206398781,0.0005356513398515617,
2009-09-30,0.040900000000000006,0.0001,0.010409024346222106,0.018837269470137908,0.7251804439602383,0.0019308872334014016,0.050579557428872546,0.011243678624841325,0.0583511441028417,
2009-10-31,-0.0253,0.0,-0.005696242185386289,0.003675076779209883,1.239899535179756,0.003001931798703561,0.04613841524573714,-0.0013776681355597287,0.03722812708124823,
2009-11-30,0.056299999999999996,0.0,0.01966831093359206,0.001982845033053589,1.373476441695476,0.003348590589767886,0.08053691275167796,0.020170144138148993,0.12786502259277088,
2009-12-31,0.028099999999999997,0.0001,-0.051700165571891964,-0.013159792138320643,1.5095155217327294,0.0005201763996423026,0.00709849157054121,-0.04402773103506197,-0.07203391451937646,
2010-01-31,-0.0335,0.0,0.02132577379207361,-0.008684040662206873,1.690903711795344,0.0006487322116248695,-0.0149779735682819,0.023702081181625312,-0.012580360682460823,
2010-02-28,0.0339,0.0,0.00468971522736589,0.006421628101844398,1.698653811169737,-0.0009517766497462166,-0.020572450805008913,0.0033181366547752056,0.03274821867388655,
2010-03-31,0.0631,0.0001,-0.01615452577299662,-0.000244735516102343,1.7769698346872698,0.00033136813619227823,0.016438356164383494,-0.0105680544653316,-0.004386396377547008,
2010-04-30,0.02,0.0001,0.015558781889623891,-0.0068315509721999165,1.6029746856968563,0.0002300405331423505,0.032345013477088846,0.016527406238346476,0.058834362933984474,
2010-05-31,-0.0789,0.0001,0.034612487402972486,0.03861969422996203,1.6368558773887765,-0.0005197720362644098,0.048738033072236675,0.029332090427060198,0.030513146883171416,
2010-06-30,-0.055499999999999994,0.0001,0.03150389009698,0.02135026792053088,1.5555706398769464,-0.00041879515854392757,0.023236514522821494,0.03048257640051011,0.023553189068376224,
2010-07-31,0.0693,0.0001,0.005054107868551871,0.018817217883063755,1.4705882352941346,0.0018692535416824363,-0.032441200324412,0.009096057379177624,-0.050871157346166984,
2010-08-31,-0.0477,0.0001,0.04291587192205266,0.02910661156099593,1.4176232237384179,0.0014613634797000508,0.019279128248113953,0.033560380733579365,0.05706125282865315,
2010-09-30,0.0956,0.0001,-0.003229360178280441,0.006606303637005032,1.2968283476986864,0.0016152494229608738,0.04523026315789469,-3.041773280820781e-05,0.047755584400488216,
2010-10-31,0.0388,0.0001,-0.006678188284003827,0.0118160132106293,1.0787813475225283,0.00348184629481163,0.0558615263571991,-7.11243532439676e-05,0.03682269814892791,
2010-11-30,0.006,0.0001,-0.013545615949017665,-0.017204061158210333,1.1215791834903621,0.0025338416234852446,0.02086438152011927,-0.008981443409362133,0.021112978094167678,
2010-12-31,0.0683,0.0001,-0.04011806964179213,-0.043739677573685604,1.0567483975077785,0.004016576346827616,0.01532846715328473,-0.034308887368325824,0.024368653791006833,
2011-01-31,0.019899999999999998,0.0001,-0.007400460167925492,-0.00572119433739875,1.123444633425863,0.0032430422003708603,-0.022286125089863384,-0.0002131469599740976,-0.06379762129208244,
2011-02-28,0.0349,0.0001,0.00285,-0.013175944371981342,1.2119043892404147,0.00321447463006419,0.011029411764705843,-0.002084753459867583,0.05998312803425154,
2011-03-31,0.004600000000000001,0.0001,-0.0013546063455752025,0.017167881302485224,1.2145703792183715,0.005173548206832912,0.034909090909091,-0.0015457458275752733,0.01598138086384293,
2011-04-30,0.028999999999999998,0.0,0.015474729627276045,-0.001364994400064682,1.3947001394699177,0.004694098975099648,0.04075895994378076,0.018412896593096528,0.08944654978008071,
2011-05-31,-0.0127,0.0,0.025582846939218525,0.027222464074272125,1.523561143060892,0.003181714734507457,0.02160702228224176,0.025055675354065166,-0.017916885312225905,
2011-06-30,-0.0174,0.0,-0.008590494593142884,0.017113459319346765,1.5863290518787654,0.0,0.010575016523463265,-0.005044415263316004,-0.024325042799353547,
2011-07-31,-0.0235,0.0,0.03328110365751105,0.0025,1.7344517595160314,0.0026200368317574885,0.02877697841726623,0.03169618174971034,0.08417803620638908,
2011-08-31,-0.0595,0.0001,0.0534496967462616,0.06259023574778642,1.8396305158310478,0.00315446216641857,0.11824539097266373,0.046513050701238345,0.12274943937515781,
2011-09-30,-0.0758,0.0,0.029507713102282757,0.030358117695270297,1.8508219696127481,0.0021715478580850434,0.007390562819783897,0.022371300533805538,-0.11062347246832638,
2011-10-31,0.1133,0.0,-0.021048048909289515,-0.013704175133589652,1.7447219661716806,0.000675207527019106,-0.05981941309255079,-0.012865584788405826,0.0587118747477946,
2011-11-30,-0.0027,0.0,0.009859753900847559,0.014328672892135042,1.8278615794143915,0.0018478500551264432,0.043817527010804325,0.005798543049032823,0.016672693952307194,
2011-12-31,0.0075,0.0,0.01880776144524897,0.0043804707194242225,1.974960911076784,0.0002377084901554749,-0.05692926969522716,0.01987724222937448,-0.10662433944055594,
2012-01-31,0.050499999999999996,0.0,0.007018763733891685,0.0025531867725640915,2.061479219227169,0.0027241960540962395,0.008536585365853666,0.008619705685455559,0.11395480912860867,
2012-02-29,0.044199999999999996,0.0,-0.01212570209507872,0.0016416666666666665,2.0258477852646006,0.0021374461249459298,0.05501813784764198,-0.010998611102302824,-0.029649780549572347,
2012-03-31,0.031200000000000002,0.0,-0.02092966931410245,-0.016431169777174237,2.044845423362407,0.002093470387029006,-0.03954154727793702,-0.01591158487220634,-0.013208340481005276,
2012-04-30,-0.0085,0.0,0.026831966673029572,0.012543560756685643,1.9653370013756,0.0016607883500070475,-0.01610978520286399,0.025091178588057206,-0.0014803247076433657,
2012-05-31,-0.061599999999999995,0.0001,0.03418890432184226,0.02420859614355976,1.826744683887549,-0.002068180132380859,-0.03638568829593691,0.028695097861601626,-0.06338034010471139,
2012-06-30,0.038900000000000004,0.0,-0.006044418756009545,0.017905698109877095,1.8192584794552324,-0.0008263631713106845,0.006293266205160464,-0.004142608463589048,0.02354575543588089,
2012-07-31,0.0079,0.0,0.016070800322949927,0.009627979707657523,1.7738650548584811,0.00028880992805979666,-0.0031269543464665928,0.014010728618387924,0.008376847936764742,
2012-08-31,0.0255,0.0001,-0.00429124871128345,-0.012584851013716663,1.6359225422913903,0.00580952797585188,0.02258469259723972,-0.0011729098835753238,0.04939609851235338,
2012-09-30,0.0274,0.0001,-0.006068575240573439,-0.0022679236878978166,1.691602053074126,0.004771266277542319,0.07055214723926384,-0.003481986077990773,0.046705627280061,
2012-10-31,-0.0175,0.0001,-0.005053637026848831,-0.0013120402494377968,1.8894492108193273,0.0026967945804390325,0.0011461318051575464,-0.003960532808810147,-0.029437416816341377,
2012-11-30,0.0079,0.0001,0.010584578609237026,0.010595690556110886,1.7830690135935523,-0.0016793444944263047,-0.014310246136233551,0.009791359292272261,-0.004675410721908135,
2012-12-31,0.011899999999999999,0.0001,-0.013366408369168878,-0.005053637026848831,1.6898651587646585,-0.00012108160467716456,-0.021486643437862996,-0.009403779734940665,-0.02426979045607558,
2013-01-31,0.0557,0.0,-0.02041306427520627,-0.015954032690883718,1.591586707865833,0.001980788942180789,-0.00771513353115727,-0.012931123417559864,-0.005061148639644464,
2013-02-28,0.0128,0.0,0.013401141022438872,-0.004752986069760988,1.5601316530250209,0.0054299267521003,-0.02631578947368418,0.011325516262035595,-0.05086846838387371,
2013-03-31,0.0404,0.0,0.0033895879112972177,0.003456373545128183,1.4807449119659033,-0.0028119191025902657,-0.02149877149877155,0.00286769099057671,0.009477104236877087,
2013-04-30,0.015600000000000001,0.0,0.016997907740864633,0.019715277277104218,1.3770626261317975,-0.002087979266580553,-0.06591337099811678,0.015252736673646794,-0.0756231330952718,
2013-05-31,0.027999999999999997,0.0,-0.040721728046863886,-0.01405898199223937,1.3929168238909106,0.00041415548950118897,-0.04973118279569888,-0.03105042635000399,-0.06198785346133606,
2013-06-30,-0.012,0.0,-0.03042184337586804,-0.03189388192101049,1.4636510500808164,0.0023804082055089992,-0.050212164073550225,-0.02546158758540784,-0.11058839427335088,
2013-07-31,0.0565,0.0,-0.004932717861524617,-0.0229696029833615,1.4879607514040272,0.001957452300544116,-0.04244229337304539,-0.0035261168221590866,0.0743010530498811,
2013-08-31,-0.0271,0.0,-0.013594094459589357,-0.011873503312676236,1.5332509004892358,0.0023872906826962748,0.051321928460342114,-0.014225854865410947,0.052047484216675155,
2013-09-30,0.0377,0.0,0.01446604975758137,-0.0038034079095173737,1.529226044094134,0.00037694469193394475,-0.002218934911242587,0.018462001349139667,-0.047838379698351585,
2013-10-31,0.0417,0.0,0.008317015150901108,0.018805646051579247,1.454818147731518,0.0005352310485384759,-0.023721275018532273,0.00777839711919559,-0.003432632525768975,
2013-11-30,0.0311,0.0,-0.013642622952397689,-0.006563946244484191,1.5142597249719447,0.0018444894273526025,-0.031131359149582427,-0.00876428808929075,-0.05511195422936577,
2013-12-31,0.0281,0.0,-0.022912339478604785,-0.013400479053592367,1.547361892337018,0.0026441691584790927,-0.042319749216300995,-0.020905981136115304,-0.03794527189279151,
2014-01-31,-0.0332,0.0,0.03423278252988279,0.005867378792395204,1.4524615006989539,0.0024241752904541336,0.018003273322422242,0.030633148308519376,0.034188714238774454,
2014-02-28,0.0466,0.0,0.0030975586370850174,0.015349106507360431,1.3901177975587542,0.0011007786202434922,0.045016077170418,0.0035750339741791315,0.0627030280482701,
2014-03-31,0.0043,0.0,-0.0038942765405674154,0.0013875046302501354,1.447423075694143,0.002042055301065604,0.027692307692307683,-0.005610560794028885,-0.031421423365686874,
2014-04-30,-0.0018,0.0,0.007494793427628171,0.0031370636511255288,1.571265848387693,0.0018641856050976013,-0.02844311377245512,0.007583247977539287,0.0049348807324614,
2014-05-31,0.020499999999999997,0.0,0.018803614104615996,0.015320763879580908,1.6236562569778457,0.0019030059035467506,-0.006933744221879867,0.018253114597924558,-0.03051039187154414,
2014-06-30,0.026000000000000002,0.0,-0.0023375489597618087,-0.001376031906438628,1.5635448842466593,0.001321132206079767,-0.007757951900698168,-0.0021673302307443354,0.06319017654797743,
2014-07-31,-0.0203,0.0,-0.0022849274753352473,0.007420253708752048,1.6103213221809076,0.001125485286492811,0.02501954652071925,-0.00220509219801035,-0.03631673024297155,
2014-08-31,0.0424,0.0,0.022308786011972077,0.012655245480235933,1.5397485995065185,-0.0001600013473792572,-0.012204424103737566,0.01880224664992114,0.0038090706137288155,
2014-09-30,-0.0196,0.0,-0.013113461679048878,-0.007701641595837172,1.5548480585554358,7.159100480058633e-05,-0.04478764478764474,-0.010494456961178011,-0.061763293138879294,
2014-10-31,0.025099999999999997,0.0,0.017044525455739774,0.022317333053208783,1.4709143321753215,-0.0001979139032414201,-0.01212611156022636,0.015363039138100332,-0.03054810644807593,
2014-11-30,0.0256,0.0,0.017030128345715545,-0.0007497193672649368,1.3925785367910226,-0.0018826601524658537,-0.038461538461538436,0.012886126501669315,-0.00488197260677703,
2014-12-31,-0.0005,0.0,0.002710820352255099,0.012591221431071635,1.356346289529342,-0.0030846094445595718,0.02212765957446816,0.0012944814222970447,0.013112132840068735,
2015-01-31,-0.031,0.0,0.045643845312021834,0.03130439017579444,1.2097113523521497,-0.0063703164417654445,0.04163197335553703,0.04302346859589434,0.08689905756357263,
2015-02-28,0.0613,0.0,-0.027943389503182467,-0.00751085276862701,1.2774816263444455,0.0025346436802176076,-0.01918465227817745,-0.024717784297974332,-0.05905219494812319,
2015-03-31,-0.0111,0.0,0.0070803325565478034,-0.003769120635384613,1.2808398950130861,0.0026939517808119984,-0.03911980440097795,0.008559894042127647,-0.021522037888980217,
2015-04-30,0.0059,0.0,-0.0083384315016118,0.010704632921464086,1.294372884198225,0.0010424788961593823,0.016963528413910023,-0.006329352012127254,-0.0016716737223684275,
2015-05-31,0.0137,0.0,-0.004591740253530103,-0.021913565367446156,1.2472011216440038,0.003297745341247049,0.0,-0.004163589588182082,0.005552104050766671,
2015-06-30,-0.0152,0.0,-0.018860885354274482,-0.012458785784615681,1.254154386404993,0.0027679208104605113,-0.014178482068390341,-0.016308783340098887,-0.015162101232906178,
2015-07-31,0.015700000000000002,0.0,0.015256975991317616,0.005511199826887922,1.1789500041732737,0.0015863197801875284,-0.045685279187817285,0.015183763065203637,-0.06620986259282224,
2015-08-31,-0.0602,0.0,0.0009400758884615549,0.01525193428718136,1.2212546279397163,-4.201080518573264e-06,-0.00886524822695034,0.0007902373423216424,0.03707232801234017,
2015-09-30,-0.030600000000000002,0.0,0.015233813716270181,0.0018083333333333335,1.2321248164310905,-0.002247587519377481,0.0062611806797854275,0.01579226720716509,-0.01801138660144541,
2015-10-31,0.0775,0.0,-0.0072789138917977,0.01075435618612691,1.177988677988706,0.0009894820166909124,0.03022222222222215,-0.006369399409786203,0.022833636790845047,
2015-11-30,0.005699999999999999,0.0,-0.0026752560244260905,-0.015358012521524744,1.196702051340659,0.0011946174910506535,-0.06298533218291635,-0.004276059535764376,-0.06752062833262484,
2015-12-31,-0.0214,0.0001,-0.003515192153174776,0.003664486078643026,1.1917006929942353,-0.0010755534268558353,-0.009208103130755041,-0.0045310221732345335,-0.004513334897339294,
2016-01-31,-0.0573,0.0001,0.03126597778929735,0.01523869852500349,1.406240256095792,-0.00045844356307378487,0.020446096654274992,0.03333672738495186,0.05410997351969926,
2016-02-29,-0.00039999999999999996,0.0002,0.019716845154445765,0.029585947963476855,1.4658859681907277,-0.0013296753235828573,0.09289617486338808,0.014859830705404864,0.10930343875618398,
2016-03-31,0.06970000000000001,0.0002,-0.0022067933020771284,-0.008552515570580656,1.4574479112677619,0.0031347962382444194,0.03750000000000009,-0.0006614408711211883,-0.008428860461434318,
2016-04-30,0.0093,0.0001,-0.003078416168445756,0.008833351645188902,1.5199486797450312,0.0038306451612906134,-0.002409638554216831,-0.001561077995056226,0.051088083708025867,
2016-05-31,0.0179,0.0001,0.0006149531936614231,0.0015083333333333335,1.5687328193787264,0.0023640958693180725,0.015297906602254496,-0.0009925091657986274,-0.06138296703293311,
2016-06-30,-9.999999999999996e-05,0.0002,0.03336888450717771,0.016994773255534047,1.5524039553271418,0.002775957287826536,0.011895321173671647,0.030875886818015452,0.08969501879279118,
2016-07-31,0.039599999999999996,0.0002,0.004019282568261265,0.014230463791145223,1.5993318072139662,-0.0005037007434787188,0.04780564263322895,0.002465068444051699,0.01984656031160892,
2016-08-31,0.0050999999999999995,0.0002,-0.009910776723786473,-0.00430240590811005,1.6969584569732632,0.0018492217858316895,0.002243829468960401,-0.01011416247146113,-0.03256316550912575,
2016-09-30,0.0029000000000000002,0.0002,-0.0005266239132687615,-0.005158075330692076,1.6852545372237682,0.0026232097944249855,-0.00970149253731345,0.002374082401888744,0.006892135107908315,
2016-10-31,-0.019899999999999998,0.0002,-0.020763700307947,-0.010592682626290227,1.7824083597317797,0.0023426874979275425,-0.045214770158251705,-0.014946574696796389,-0.02944919584699579,
2016-11-30,0.04870000000000001,0.0001,-0.04667478701563104,-0.033237724453241024,1.7188591624543337,0.0011789477167709617,-0.022888713496448276,-0.042272365937697676,-0.08356570639157301,
2016-12-31,0.018400000000000003,0.0003,-0.005110525741921123,-0.029574916838974574,1.7700932276479175,0.002524522158775966,-0.06542810985460423,-0.0011849234380442164,-0.019149882681417818,
2017-01-31,0.0198,0.0004,0.002041666666666667,0.007357425861789942,1.8633349390674736,0.004043076694815406,0.030250648228176358,0.002194171810318446,0.05419215772584596,
2017-02-28,0.035899999999999994,0.0004,0.009981119638126132,0.0029080418804139424,1.8672751084554795,0.0015926573570101965,0.03523489932885915,0.0072362376401438055,0.031847686784806095,
2017-03-31,0.002,0.0003,-0.001577866493554589,-0.0032842287492445147,1.6786546242183897,-0.0004672016261892953,-0.002431118314424663,0.0008050413726323757,-0.00427746474772539,
2017-04-30,0.011300000000000001,0.0005,0.01172801375826366,0.01792184292180916,1.6368213459441172,0.0012341528217405529,0.02924451665312744,0.01108847450273398,0.01726748147982482,
2017-05-31,0.011300000000000001,0.0006,0.009022254344065696,0.0019166666666666666,1.545521142810613,-0.0007739779600566266,-0.016574585635359074,0.00826726261619104,-0.0012419798017191397,
2017-06-30,0.0085,0.0006,-0.007086431366402362,0.011693415457749162,1.576443802980032,0.000651628661825665,0.011235955056179803,-0.005095164140613839,-0.02155534773928114,
2017-07-31,0.019499999999999997,0.0007000000000000001,0.0028133508793710777,-0.009793170272052643,1.503110759268922,0.0003276499715347825,-0.0182539682539683,0.0037479786336185317,0.02313170169958645,
2017-08-31,0.0027,0.0009,0.017914982870256196,0.011700307366155236,1.4335937104241747,0.0038486261632888485,0.037186742118027416,0.014575462884810486,0.04198757511241591,
2017-09-30,0.025800000000000003,0.0009,-0.01706718517854048,0.0027344764699735323,1.4225873687192303,0.005106389920997767,0.024162120031177015,-0.014415167777640847,-0.03369891808976022,
2017-10-31,0.0235,0.0009,-0.002495647818502032,-0.012458785784615681,1.5410111053849151,0.0007750522450133968,-0.025875190258751957,-0.0018897605740844092,-0.007484813689786707,
2017-11-30,0.032,0.0008,-0.0015576605066197928,0.0028527999567219725,1.5453764961365968,0.0026680074282521282,0.0015624999999999112,-0.0027928711081710578,0.003563440057186007,
2017-12-31,0.0115,0.0009,0.003783631805303717,-0.0024745475526614384,1.576876513317238,0.0021068892447548837,-0.01404056162246492,0.001848053812054884,0.021057003170010358,
2018-01-31,0.0569,0.0011,-0.0262996763876761,-0.013918567968067798,1.6320370277204788,0.004253344363511546,0.053006329113924,-0.02150205512626646,0.03234937283169237,
2018-02-28,-0.035300000000000005,0.0011,-0.010789288100215871,-0.022391130797183405,1.6442181175359005,0.0026922876006094665,0.0,-0.009328091232320701,-0.020759902030566435,
2018-03-31,-0.0223,0.0012,0.013623116953703192,0.004112103089870298,1.9091831710527307,0.00019236241078179894,-0.004507888805409421,0.011557598335868446,0.006320007324218668,
2018-04-30,0.0041,0.0014000000000000002,-0.015976890395218817,-0.00022905366901026895,1.8842192874261698,0.00260440665606243,0.007547169811320753,-0.012765861482459617,-0.009539745360543916,
2018-05-31,0.028000000000000004,0.0014000000000000002,0.012784948217262391,-0.007111868191595016,1.980902377684024,0.002257949781597768,-0.02397003745318349,0.009861988939249944,-0.011959209467577336,
2018-06-30,0.0063,0.0014000000000000002,0.0006269969690496299,0.00849828467353797,1.936219818485685,0.0009011451720943864,-0.016116653875671516,0.0019742725490672353,-0.03614944763120931,
2018-07-31,0.0336,0.0016,-0.007137935784209222,0.004149504145002341,1.9958004199579493,0.0007808204989290246,-0.03432137285491421,-0.005277751449750179,-0.022418909632539674,
2018-08-31,0.0361,0.0016,0.011067934485807389,0.0024083333333333335,1.8957629996604553,0.0017873207703393845,-0.029079159935379684,0.010139774970392645,-0.021381117106768266,
2018-09-30,0.0021,0.0015,-0.014039979353767633,-0.007085813870107847,1.960295291300862,0.0020622817021167528,-0.0033277870216306127,-0.012050429553178699,-0.006607347245927042,
2018-10-31,-0.0746,0.0019,-0.006021534302417595,-0.010376479088811388,1.8709073900841977,0.002339580144498976,0.014190317195325486,-0.003030248624570797,0.02119545356837582,
2018-11-30,0.0189,0.0018,0.014554661294818605,0.005181355991746826,2.0102451882428873,-0.0007041919199911595,0.004938271604938205,0.013300680452036362,0.003386881324189961,
2018-12-31,-0.0936,0.0019,0.029964620536081846,0.027347903680733688,2.038079914186075,0.0006848935445811222,0.02375102375102367,0.028042338747529483,0.04942010593064916,
2019-01-31,0.0858,0.0021,0.0074718250126815326,0.012746351519035644,1.8444266238973661,-0.0008149798035343991,0.033600000000000074,0.00652617909612041,0.028865979381443196,
2019-02-28,0.036000000000000004,0.0018,-0.006551268119824639,0.004870819442582836,1.7441056147355471,0.00300125514232219,0.021671826625387025,-0.0052548233951807966,-0.006092201492829408,
2019-03-31,0.012900000000000002,0.0019,0.030113898280683435,0.011826715968925348,1.6160679951488621,0.0037817929172307974,-0.014393939393939403,0.026551305358605726,-0.01596899557748621,
2019-04-30,0.0418,0.0021,-0.0068309023813086,0.0056492865820142735,1.6367788035669184,0.0037596794047443094,-0.01152959262106068,-0.005185368425265402,-0.006638842503124187,
2019-05-31,-0.06709999999999999,0.0021,0.03463418839438326,0.013530811435871624,1.563175476517964,0.00024683328566377227,-0.0015552099533436836,0.030485904818748688,0.017574298155486723,
2019-06-30,0.0717,0.0018,0.014326633402256515,0.031184041274790977,1.6569813098790354,-0.00032511281022773453,0.05841121495327095,0.012171366376806603,0.08002914919848991,
2019-07-31,0.0142,0.0019,-0.00013788862996036823,0.002624105922185508,1.6391192674940713,0.002307876166182332,0.039735099337748325,0.00038271205523021656,7.514839229982861e-05,
2019-08-31,-0.023899999999999998,0.0016,0.048554564089755524,0.040397663068063416,1.7458045796737487,0.0009147700174354512,0.06157112526539277,0.03951602288613376,0.0791231345612986,
2019-09-30,0.0159,0.0018,-0.015407217724330105,-0.005076829106463981,1.6320140893303359,0.0015388460997676212,0.007333333333333414,-0.01186058329062778,-0.0339478600543478,
2019-10-31,0.0222,0.0015,0.0004830190780255539,0.0005006146076768777,1.6235859562745425,0.00282728229926299,-0.010589013898080757,0.0018790271512465484,0.02563546974700759,
2019-11-30,0.0399,0.0012,-0.006840313581701485,-0.007730881269830973,1.49771831974721,0.00281542260504386,-0.016053511705685586,-0.006872295910260062,-0.03208588289288572,
2019-12-31,0.0291,0.0014000000000000002,-0.01128956527164809,-0.003046501937902165,1.544751058548699,0.002912218521088583,0.005438477226376692,-0.009280290111303158,0.03655877893383952,
2020-01-31,0.00019999999999999987,0.0013,0.03874280021123475,0.010636689031379369,1.5913288616700605,0.0019216641534245404,0.05544286680189314,0.03465771517973759,0.04499655849690343,
2020-02-29,-0.0803,0.0012,0.03640568628257288,0.025211776380287727,1.6976972310441152,0.0004746707213061363,0.023062139654068003,0.029617117304685525,-0.006361728631845698,
2020-03-31,-0.13249999999999998,0.0012,0.041493044261880975,0.05955026203515538,1.5272953094374486,-0.004528447444551498,-0.003130870381966133,0.03722688092972226,-0.002224031676743232,
2020-04-30,0.136,0.0,0.006368380821826524,0.020795673052917924,0.9954970222243231,-0.007920147553434509,0.0571608040201006,0.002752756767258724,0.07261060302877431,
2020-05-31,0.0558,0.0001,-0.0004338408585417608,-0.00041617286750177574,0.9973783749795073,-0.0008983252093485161,0.019607843137254832,0.0032742424703644524,0.02588161543682088,
2020-06-30,0.0246,0.0001,-0.00042500668098449917,-0.005235703173356012,0.970451911935144,0.004847499237692343,0.00932400932400923,0.0004270646953921098,0.02737702630176453,
2020-07-31,0.0584,0.0001,0.0111779015425195,0.01119780975151633,1.2143366963097257,0.005096443382793359,0.06639722863741349,0.008541558716215203,0.10790463097013703,
2020-08-31,0.0763,0.0001,-0.016060536489085925,-0.00238786425471906,1.3931038469319867,0.003731343283582156,0.06605305901461822,-0.009698778013088716,-0.0032356731296194763,
2020-09-30,-0.0363,0.0001,0.003489532844173374,-0.0023583533762868477,1.479691546407591,0.002626139536318073,-0.023869984763839502,0.0032779613233515636,-0.0417140433776253,
2020-10-31,-0.0207,0.0001,-0.017753798559275214,-0.010050236313303105,1.4217326104510208,0.001238475828567731,-0.01144640998959412,-0.0138079978178558,-0.0051942084141127776,
2020-11-30,0.1246,0.0001,0.0045543484811780876,-0.00701926358535272,1.4535218844867748,0.002274132890799363,-0.017894736842105297,0.003383562823252806,-0.05408625961608993,
2020-12-31,0.046400000000000004,0.0001,-0.007915035146968383,-0.0050094780151194234,1.508790092214496,0.004346309661149128,-0.004287245444801746,-0.002384440764917284,0.07013861264675048,
2021-01-31,-0.0007000000000000001,0.0,-0.016375335038786933,-0.013516945865655779,1.5893672194206898,0.0024499608845807153,0.004843918191603791,-0.010921238549017942,-0.03223816988295236,
2021-02-28,0.0281,0.0,-0.030227761421000674,-0.016118592660455348,1.6464363820420047,0.0033956762230331616,-0.03160149973219073,-0.023633285171147933,-0.06256881416817583,
2021-03-31,0.0317,0.0,-0.026646959064482133,-0.03173795392751471,2.134146341463339,0.0052432098156531826,-0.0497787610619469,-0.02385694853440168,-0.011433105943016053,
2021-04-30,0.0495,0.0,0.009677784929673498,-0.0014190607173501064,3.06827879148166,0.006238653990587428,0.024447031431897637,0.010012194049756395,0.035633887903232075,
2021-05-31,0.003,0.0,0.007803637026848832,0.0032043519701635617,3.435757935671657,0.006635060424433403,0.051136363636363535,0.004248997689416445,0.07678377966625938,
2021-06-30,0.0274,0.0,0.013298055436247047,0.01054775523073059,3.7842490317027133,0.008461787818155653,-0.008108108108108136,0.01022575843161233,-0.07147662098325525,
2021-07-31,0.0134,0.0,0.020691278402128276,0.019755867369946098,3.844211288678001,0.004614747980816514,-0.014713896457765663,0.019902371785158524,0.025297363508325565,
2021-08-31,0.0294,0.0,-0.004593211194173711,0.004835723021687959,3.8928954894862366,0.002842925602144941,-0.012721238938053103,-0.003944719706363897,-0.0007655451490135023,
2021-09-30,-0.044000000000000004,0.0,-0.019484144434416196,-0.007355905288667095,3.9256237548620065,0.004525517463950024,-0.0056022408963585235,-0.015970379614767105,-0.03223525924924131,
2021-10-31,0.0663,0.0,-0.0015067134388252479,-0.0184208890674172,4.3712739439089265,0.009638202329232515,0.0011267605633802358,-0.004429365286548248,0.014797178527087285,
2021-11-30,-0.0158,0.0,0.012368280410689717,0.003159957246602111,4.797121348421096,0.008566262881937847,0.025323579065841262,0.01092142262279272,-0.006900653696985448,
2021-12-31,0.032400000000000005,0.0001,-0.007166678234073854,0.009603239710889857,5.084233587670917,0.006905230550805275,-0.01756311745334793,-0.005240861710843481,0.032990977123064535,
2022-01-31,-0.0616,0.0,-0.023693754282760562,-0.02565263352591789,5.325521814482759,0.006046039630400735,0.01452513966480451,-0.02113037815573815,-0.016787612677039987,
2022-02-28,-0.022799999999999997,0.0,-0.002155887818855685,-0.01405898199223937,5.568656926762761,0.0069263793475682345,0.022026431718061623,-0.0030408008737780046,0.061217257237826006,
2022-03-31,0.0308,0.0,-0.04306729351059053,-0.01650097220955523,5.560286342581744,0.011156414762741429,0.049568965517241326,-0.040609265498982694,0.0127255799503041,
2022-04-30,-0.0941,0.0,-0.04867735029128927,-0.05380179292557207,5.288716474561195,0.00308335129347892,-0.0056468172484599455,-0.04228260371462833,-0.020702963524693363,
2022-05-31,-0.0031000000000000003,0.0003,0.005860750498221054,-0.01074488823605993,5.169044995323646,0.009484996239962795,-0.04543107898812593,0.006183740793558323,-0.03261547766106776,
2022-06-30,-0.0834,0.0006,-0.00886756047224725,-0.018287606087704737,5.299386299552178,0.012561019986405908,-0.006489994591671211,-0.008634395053509047,-0.01565965107712486,
2022-07-31,0.0965,0.0008,0.02912097498281106,0.02307756612230179,5.2188196859714875,-0.00014917428642191588,-0.056614044637996686,0.029614804451633336,-0.0258815174913124,
2022-08-31,-0.0358,0.0019,-0.03965781458008256,0.0024166666666666664,5.403329065300877,0.0006239128149663209,0.018465089440276916,-0.03853829940521969,-0.02943328245830701,
2022-09-30,-0.0915,0.0019,-0.055319069146261717,-0.051069371282126026,5.640449848468276,0.0042426727482829385,-0.04759206798866855,-0.04735001000502692,-0.028881810636775418,
2022-10-31,0.0808,0.0023,-0.019064915083417625,-0.03556073766907482,5.509494274375926,0.005594754832983773,-0.010113027959547938,-0.014540029404642496,-0.017844407703562548,
2022-11-30,0.049400000000000006,0.0029,0.03758956589877531,0.01068191742866021,5.285034019752222,0.002614032556282231,0.036658653846153744,0.036122291598646994,0.0849186596373046,
2022-12-31,-0.0605,0.0033,-0.013540075919317407,0.025433714856153457,5.070992092020177,0.00015395634333614794,0.04231884057971014,-0.014880343335334278,0.02930648566594085,
2023-01-31,0.06960000000000001,0.0034999999999999996,0.032837046731123955,0.010511529695938219,5.001699128972814,0.005314022594634871,0.05561735261401557,0.03581094311887956,0.05759257431981046,
2023-02-28,-0.022299999999999997,0.0034000000000000002,-0.030539771886151996,-0.015459569851447771,4.861964009184638,0.003428533386592658,-0.02265542676501575,-0.03270759655066957,-0.05367596391642193,
2023-03-31,0.028399999999999998,0.0036,0.03937906771919681,0.010572682555317844,4.864946324252961,0.0012307181953885582,0.03126684636118604,0.0372107163028621,0.07916128247166143,
2023-04-30,0.0097,0.0034999999999999996,0.006253846578257775,0.019672889514903605,4.853416741769601,0.003392739405143841,0.045478306325143825,0.008147513802725825,0.008623522653246951,
2023-05-31,0.007,0.0036,-0.013935338225105322,-0.006348750740815838,4.833980505586788,0.001614687381334079,-0.0040000000000000036,-0.014383016994117703,-0.013419890078922081,
2023-06-30,0.06860000000000001,0.004,-0.011109866844225278,-0.012051247695450459,4.442869269206207,0.002241753314828232,-0.02459839357429716,-0.012552936963242889,-0.02221370606110007,
2023-07-31,0.036599999999999994,0.0045000000000000005,-0.010026868446747335,-0.009287804258863112,4.236075982487075,0.001957146710348523,0.004117344312918103,-0.006516412294733098,0.02288664235862692,
2023-08-31,-0.0191,0.0045000000000000005,-0.006516743135030305,-0.01893131880995567,3.8300013883104223,0.004835707415079993,-0.016401845207585808,-0.007309108144076926,-0.012777635059315506,
2023-09-30,-0.04800000000000001,0.0043,-0.03729328417037051,-0.01355400127421263,3.7381077881566194,0.003900915440960162,-0.0015633142261594069,-0.031388367431180564,-0.047605861131121974,
2023-10-31,-0.0268,0.004699999999999999,-0.019223238766669554,-0.030066641733236393,3.558948582445365,0.0013668493471670207,0.0,-0.019277257157925165,0.07372411557093361,
2023-11-30,0.0932,0.0044,0.04404526559957499,0.0276061545133679,3.4371781668382395,0.0014689823722116024,0.035490605427974886,0.04554459668715327,0.02531372564947043,
2023-12-31,0.05279999999999999,0.0043,0.042996582046198564,0.0420629096879422,3.225199490262831,0.0019243999636529008,0.021169354838709742,0.03772244740960051,0.012821182352028115,
2024-01-31,0.012,0.004699999999999999,-0.005812245760436057,8.28670533376554e-05,3.2244602478388673,0.0030996854969054244,0.003948667324777944,0.0007265008266261752,-0.014228180398366375,
2024-02-29,0.054900000000000004,0.0042,-0.01794212364768593,-0.008844811599861346,3.178442605559062,0.004097540184308857,-0.005408062930186808,-0.020826378536160872,0.004563548019519192,
2024-03-31,0.0327,0.0043,0.007580639752696434,0.0035083333333333334,3.145526015469846,0.004431338373524829,0.06673257538309452,0.007332023163938217,0.08668323846462611,
2024-04-30,-0.041800000000000004,0.004699999999999999,-0.03617708711754596,-0.023200136205784178,3.0175864364502925,0.0021706766556213175,0.08016682113067652,-0.03129769580796071,0.02989497307015121,
2024-05-31,0.0477,0.0044,0.01814620833870291,0.008563314592862399,2.8094842139744003,0.0004855873210591888,0.008580008580008514,0.018001582185545262,0.016189210429127243,
2024-06-30,0.0321,0.0040999999999999995,0.015725403910832433,0.01731545333697601,2.779220779220748,-0.00041829647960411886,-0.01063377286261169,0.01216987630618993,-0.0013469974027457976,
2024-07-31,0.0167,0.0045000000000000005,0.025329079621165845,0.008424506238881323,2.80885244529967,0.0016770805381998155,0.03095442820292349,0.028972345939176858,0.053671963349382734,
2024-08-31,0.0208,0.0048,0.018060915634666695,0.03423786212049291,2.902341595494029,0.0015722217438587371,0.030025020850708906,0.013457487311896443,0.02092249026936499,
2024-09-30,0.0212,0.004,0.0114696655198311,0.015565849662630424,2.8395791858595754,0.002133336729690294,0.04089068825910935,0.013824985552887581,0.050888514912532656,
2024-10-31,-0.0060999999999999995,0.0039000000000000003,-0.03560548856232039,-0.028391581053241653,2.904729847657528,0.0028563984596412517,0.04628549202644883,-0.033873632613338645,0.04299348742370923,
2024-11-30,0.0689,0.004,0.011632993993635503,-0.017737985238924465,2.8740925119270067,0.0028419261732846035,-0.014498141263940556,0.010209273539730779,-0.031241364603207922,
2024-12-31,-0.027999999999999997,0.0037,-0.028937270744990563,0.0012226948569075422,2.903209770162496,0.003399383308901438,-0.0011316484345530453,-0.02258395169306049,-0.014088486936242095,
2025-01-31,0.0317,0.0037,0.0038166666666666666,-0.015599100968013077,2.8118579879703676,0.004272616213902403,0.023413897280966767,0.00616552484720212,0.06785607873643396,
2025-02-28,-0.021099999999999997,0.0033,0.030851619383749758,0.018136909107026186,2.8230649008801345,0.002251058906888037,0.06826568265682664,0.02799715937392122,0.018216241876358952,
2025-03-31,-0.0605,0.0034000000000000002,0.0043415157828220995,0.017309933715876517,2.5635982166273497,0.0003315826188141635,0.030397236614853274,0.0034193282550001314,0.09446585889998316,
2025-04-30,-0.0049,0.0034999999999999996,0.008376423305193031,0.003566666666666667,2.6764388312666476,0.0016167112278564488,0.07877975192758968,0.010561090647014382,0.05424437277239913,
2025-05-31,0.0644,0.0038,-0.01598671574195731,-0.007726191591089546,2.7874450598826206,0.0009928130327003792,0.02827843380981987,-0.012396004953349915,-0.0005595776946504261,
2025-06-30,0.052000000000000005,0.0034000000000000002,0.01730263718108411,0.0068883030332370036,2.8255358001744835,0.002541949971929691,0.013297068600785833,0.016019609884299735,0.004051318985581975,
2025-07-31,0.0232,0.0034000000000000002,-0.006973038510021071,0.0028472228158753572,2.8411680447945953,0.0022835098853573044,-0.003877124962719969,-0.005939624156379164,-0.0061345510598058706,
2025-08-31,0.0222,0.0038,0.014885928203675765,0.01408944357989591,2.8513420229829167,0.003482644202267071,0.008383233532934131,0.0164818537026874,0.049874624687468394,
2025-09-30,0.0372,0.0033,0.009184993856058556,0.014853698753122998,2.817061120020692,0.00295090181910429,0.0890736342042755,0.0065111219070634885,0.11758415768627128,
2025-10-31,0.0233,0.0037,0.007523140735976574,0.008310478273569705,2.704820055566337,0.0012605972959853773,0.10632497273718644,0.0071125682490214,0.035586670754335525,
2025-11-30,0.0017000000000000001,0.003,0.010744239541738379,0.000937704346694386,2.721209139520475,0.0012605972959847112,0.007146377525874881,0.009881487688427448,0.05367817567023114,
2025-12-31,-0.00019999999999999966,0.0034000000000000002,-0.009718531786649264,-0.000661828417037057,2.8720269247491936,0.0029778842870451516,0.05431857107903104,-0.007611967868638492,0.02173350667644791,
2026-01-31,0.0133,0.003,-0.003000787482331458,-0.002234529265033984,2.9379900328226682,0.0017084264993214582,0.10304014852634014,-0.002287757106998467,0.12273224230545976,
2026-02-28,-0.008899999999999998,0.0028000000000000004,0.026964804560040523,0.009983113827664859,2.9591526535575285,0.0026700307420965963,0.056175047338522965,0.024699720343113185,0.08720077925273872,
2026-03-31,-0.0489,0.0029,-0.023710626954666657,-0.006307930299984598,3.105222783353545,0.008651438343614704,-0.03266932270916334,-0.02320193276810345,-0.11051161024305556,
2026-04-30,0.10239999999999999,0.0029,-0.004475261510869116,-0.002112895653774995,3.0838724068704026,0.0064003778463361805,-0.027800658978583193,-0.00150324461483331,-0.015408224107347213,
2026-05-31,0.0522,0.0031,-0.00034337970049566364,-0.009281396915074945,3.161709771256893,0.0047291422864137456,-0.028383816987926247,-0.00019011503476262792,-0.015436926989543909,
2026-06-30,-0.007800000000000001,0.0029,0.004508427473482956,0.004532281568841802,3.041234252733238,-0.004224816530380093,-0.07826466099847396,0.0025123899609684752,-0.11684884638695336,
2026-07-31,-0.0027999999999999995,0.0033,-0.021114775747069277,-0.006666289215069978,2.98346826207041,0.0007366914435542604,-0.036660359508041584,-0.013887390512783204,0.00857810852984442,
2026-08-31,0.0285,0.0029,0.003958333333333334,-0.0025217730772679873,3.0075959761855176,0.003960181843857713,0.08298551436287749,0.0011660188369522206,0.0992625397928133,
